Store Name,Address,Timings,Coordinates,Phone Number
Titan World,"No E1, Inner CircleConnaught PlaceNew Delhi - 110001, ",Open until 09:00 PM,"(28.630116254889508, 77.21856468621054)","+911142137111	"
Titan World,"No 17A/10, Ajmal Khan RoadKarol BaghNew Delhi - 110005, ",Open until 09:30 PM,"(28.645219983833485, 77.18872003126364)","+911145081301	"
Titan World,"No 20E, Bungalow RoadKamla NagarNew Delhi - 110007, ",Open until 09:00 PM,"(28.684284639863435, 77.20355373677035)","+911141586846	"
Titan World,"No H9A, Ground FloorKalkaji Main MarketNew Delhi - 110019, ",Open until 09:00 PM,"(28.539286743000048, 77.25566500000008)","+911147060130	"
Titan World,"No I/21, Central MarketLajpat NagarNew Delhi - 110024, ",Open until 09:00 PM,"(28.569990000000075, 77.24131000000006)","+911141052501	"
Titan World,"No F/138Rajouri GardenNew Delhi - 110027, ",Open until 09:00 PM,"(28.657007110498167, 77.12392102086466)","+911141605388	"
Titan World,"No F/42, Part 1South ExtensionNew Delhi - 110049, ",Open until 09:00 PM,"(28.56976260206569, 77.22003234999497)","+911141674135	"
Titan World,"No A/3/1, Jwala Heri, Main RoadPaschim ViharNew Delhi - 110063, ",Open until 09:00 PM,"(28.658844997947497, 77.07983500188209)","+911142430987	"
Titan World,"F/112 & F/124, 1st Floor, Ambience MallVasant KunjNew Delhi - 110070, ",Open until 09:00 PM,"(28.540830000000028, 77.15538000000004)","+919999717156	"
Titan World,"Shop No 227, 2nd Floor, Vegas Mall, Plot No 6Dwarka, Sector 14New Delhi - 110078, ",Open until 10:00 PM,"(28.601020000000062, 77.02704000000006)","+911166502008	"
Titan World,"No E/1, Shop No 10Rohini, Sector 7New Delhi - 110085, ",Open until 09:00 PM,"(28.706980000000044, 77.12152000000003)","+918368681283	"
Titan World,"No B2, ChajjupurShahdaraNew Delhi - 110094, ",Open until 08:30 PM,"(28.71897258300004, 77.26097000000004)","+918700931242	"
Titan World,"Shop No G26, Parsvnath City MallSector 12Faridabad - 121001, ",Open until 09:00 PM,"(28.403831554000078, 77.28621000000004)","+917065814501	"
Titan World,"Shop No G/46, GF, Crown Interiors MallSector 35Faridabad - 121003, ",Open until 09:00 PM,"(28.469730000000027, 77.30689000000007)","+911294161168	"
Titan World,"Property No 6458, GT RoadAgra ChowkPalwal - 121102, ",Open until 07:00 PM,"(28.135353854758034, 77.32963689968315)","+918448273298	"
Titan World,"SCF 91, Ground FloorSector 14Gurugram - 122001, ",Open until 08:30 PM,"(28.461687606110832, 77.05096934597651)","+911244266981	"
Titan World,"SN 67 & 68, GF, MGF Metropolitan MallMG RoadGurugram - 122002, ",Open until 09:00 PM,"(28.480030000000056, 77.08026000000007)","+918287813947	"
Titan World,"No G64 & G65, Sapphire MallSector 83Gurugram - 122004, ",Open until 09:00 PM,"(28.39346639000007, 76.97762000000006)","+911244203923	"
Titan World,"No 108, 1st Flr, Ambience Mall IslandNathupurGurugram - 122016, ",Open until 09:00 PM,"(28.50685500000003, 77.07771099700005)","+911244665520	"
Titan World,"SCO 40Bawal RoadRewari - 123401, ",Open until 10:00 PM,"(28.175500359595578, 76.61035414781419)","+919650108034	"
Titan World,"Shop No 1213/29Model TownRohtak - 124001, ",Open until 09:00 PM,"(28.88911392056286, 76.61308526738443)","+917419292084	"
Titan World,"SCO 103, PLA Shopping ComplexDelhi RoadHisar - 125001, ",Open until 08:00 PM,"(29.16975032004663, 75.75437309199228)","+917015996025	"
Titan World,"Dabwali RoadLal Batti ChowkSirsa - 125055, ",Open until 08:00 PM,"(29.535091380474615, 75.03353778852804)","+918307438300	"
Titan World,"No 41 to 44, Ground Floor, Atlas RoadMain Subash ChowkSonipat - 131001, ",Open until 08:30 PM,"(28.977361877832564, 77.02785430327309)","+911302214064	"
Titan World,"No B/9/573, Kunjpura RoadAdarsh NagarKarnal - 132001, ",Open until 09:00 PM,"(29.70486001563485, 76.99866004148436)","+911844007001	"
Titan World,"Ground FloorNicholson RoadAmbala - 133001, ",Open until 08:30 PM,"(30.340199779368803, 76.84469509118921)","+911714072673	"
Titan World,"SCO 367Sector 8Panchkula - 134109, ",Open until 08:30 PM,"(30.70388068109469, 76.86375272446199)","+911724018651	"
Titan World,"Shop No HTMCW0500855Ambedkar ChowkKurukshetra - 136118, ",Open until 08:00 PM,"(30.02462913000005, 76.85146000000003)","+911744294281	"
Titan World,"No 41, Feroze Gandhi MarketBhai Wala ChowkLudhiana - 141001, ",Open until 08:00 PM,"(30.89356965883691, 75.83831575927042)","+919216323238	"
Titan World,"No 1120Mall RoadAmritsar - 143001, ",Open until 08:30 PM,"(31.641901166633435, 74.8707402899836)","+911835063888	"
Titan World,"No 223Queens RoadAmritsar - 143001, ",Open until 08:30 PM,"(31.634732455581535, 74.87115019585248)","+911835034436	"
Titan World,"No 410, Main MarketModel TownJalandhar - 144001, ",Open until 08:30 PM,"(31.322580000000073, 75.58361572900003)","+919814057582	"
Titan World,"SCO 4, Basement, Louis Philippe StoreBhupinder RoadPatiala - 147001, ",Open until 09:00 PM,"(30.315633853000065, 76.37671000000006)","+911755020092	"
Titan World,"Shop No 18, Gr Flr, Omaxe Wedding MallMall RoadPatiala - 147001, ",Open until 09:00 PM,"(30.315633853000065, 76.37671000000006)","+911755019092	"
Titan World,"Shop No 2090B/New Z1/11651Mall RoadBathinda - 151001, ",Open until 08:30 PM,"(30.223210538344606, 74.9560824401394)","+911645064060	"
Titan World,"SCO 133/134/135, Bridge RoadSector 17Chandigarh - 160017, ",Open until 08:30 PM,"(30.739970000000028, 76.78258375000007)","+918283961551	"
Titan World,"SCF 44, SAS NagarPhase 7Mohali - 160055, ",Open until 09:00 PM,"(30.72887366282984, 76.71381826060949)","+911724678882	"
Titan World,"Ground Floor, Sharma House, Rajgarh RoadRajgarh RoadSolan - 173212, ",Open until 08:00 PM,"(30.908545694322086, 77.09502331366988)","+911792226607	"
Titan World,"No 2947/9Dharamshala RoadKangra - 176001, ",Open until 08:30 PM,"(32.137518727657216, 76.29510849032157)","+918699135582	"
Titan World,"Shop No 655A, Dudhadhari Mandir RoadGandhi Nagar ExtnJammu - 180001, ",Open until 09:00 PM,"(23.22881998644621, 72.6737900323578)","+911912459985	"
Titan World,"No 1, Banwaris PlazaAmbedkar RoadGhaziabad - 201001, ",Open until 08:30 PM,"(28.680309983287152, 77.42453498645895)","+911204120728	"
Titan World,"Shop No GC012A, Dubai Mall, Plot No A5RDC Raj NagarGhaziabad - 201002, ",Open until 09:00 PM,"(28.67321000000004, 77.44305000000008)","+919999594609	"
Titan World,"15, Plot No 1, 1st Floor, Pacific Mall, Site 4SahibabadGhaziabad - 201010, ",Open until 09:30 PM,"(46.560359979617225, -123.55382077627533)","+911204208038	"
Titan World,"Shop No 119, 1st Flr, Mahagun Metro MallVaishaliGhaziabad - 201010, ",Open until 09:00 PM,"(28.659995000000038, 77.34127820500004)","+911204138262	"
Titan World,"No 33 & 34, Shipra MallIndirapuramGhaziabad - 201012, ",Open until 08:30 PM,"(28.652340000000038, 77.35526953300007)","+911206476094	"
Titan World,"No 74, Plot No A2, TGIP MallSec 38ANoida - 201301, ",Open until 09:00 PM,"(28.58459000000005, 77.32523769200003)","+911204245040	"
Titan World,"No G21Sector 18Noida - 201301, ",Open until 09:00 PM,"(28.590343453878326, 77.31191290078533)","+918800784826	"
Titan World,"No 23BPPN MarketKanpur - 208001, ",Open until 08:30 PM,"(26.47108000000003, 80.35143517300008)","+919140413880	"
Titan World,"No 1 & 2, 113/121ASwaroop NagarKanpur - 208002, ",Open until 08:30 PM,"(26.50772500000005, 80.28979953800007)","+915123042637	"
Titan World,"No 133/130, M BlockKidwai NagarKanpur - 208011, ",Open until 09:00 PM,"(26.425997781640735, 80.33304676574775)","+917233044044	"
Titan World,"No 18/B/36, Sardar Patel MargCivil LinesPrayagraj - 211001, ",Open until 09:00 PM,"(25.45333999928708, 81.83502999219814)","+919918700633	"
Titan World,"Ground Floor, Park StreetLahurabirVaranasi - 221001, ",Open until 08:30 PM,"(25.328520258000026, 83.01909000000006)","+915422410233	"
Titan World,"No 9, Kashi Anathalaya BuildingLahurabirVaranasi - 221002, ",Open until 08:30 PM,"(25.33871666700003, 82.98183000000006)","+919721527270	"
Titan World,"Shop No 03, B27/98, A7ADurghakundVaranasi - 221005, ",Open until 08:30 PM,"(25.272920000000056, 82.99532980500004)","+915422310000	"
Titan World,"Shop No 1, S/9/471, Kuber ComplexRathyatraVaranasi - 221010, ",Open until 08:30 PM,"(25.298993929000062, 82.98860000000008)","+919918700557	"
Titan World,"No 2/4/26, Ground Floor, Ram NiwasRekabganj MarketFaizabad - 224001, ",Open until 08:30 PM,"(26.780302513523186, 82.14442620102156)","+919559993693	"
Titan World,"No 16, 31/41, Mahatma Gandhi MargHazratganjLucknow - 226001, ",Open until 08:30 PM,"(26.851740000000063, 80.93891000000008)","+919044005322	"
Titan World,"No M6, Gole MarketMahanagarLucknow - 226006, ",Open until 08:30 PM,"(26.873135040353862, 80.95762829433077)","+918400222266	"
Titan World,"F/53, 1st Floor, Phoenix Palassio Mall, Gomti Nagar, Amar Shaheed ParkSector 7Lucknow - 226010, ",Open until 08:30 PM,"(26.856337311017345, 81.00201863727493)","+919793003383	"
Titan World,"Shop No 40, UGF, Fun Republic MallGomti NagarLucknow - 226010, ",Open until 09:30 PM,"(26.85781000000003, 80.97584000000006)","+915224071196	"
Titan World,"Shop No 7, LGF, Patrakar Puram, Vinay KhandGomti NagarLucknow - 226010, ",Open until 09:00 PM,"(26.856490000000065, 81.00322000000006)","+915224951669	"
Titan World,"Block No 702, JS Tower, Ashiyana MarketSector KLucknow - 226012, ",Open until 09:00 PM,"(26.800029595865272, 80.91356037868042)","+919956504349	"
Titan World,"No 007, 1st Floor, Lulu Mall, Ansal API, Golf CitySaheed PathLucknow - 226030, ",Open until 10:00 PM,"(26.775318418430643, 81.00632316233467)","+915222811070	"
Titan World,"Shop No 1090, Civil LinesGolaghatSultanpur - 228001, ",Open until 08:30 PM,"(26.20313500000003, 82.16472019200006)","+919559993633	"
Titan World,"260 Ground Floor, Takkarganj, SahodarpurTakkarganjPratapgarh - 230001, ",Open until 08:30 PM,"(53.61568512900004, 23.743144682000036)","+919651314151	"
Titan World,"Ground Floor, Bajaj Dormatory Building, Town Hall RoadSadar BazaarShahjahanpur - 242001, ",Open until 09:00 PM,"(27.890874502735276, 79.91113180247358)","+918707450219	"
Titan World,"Civil LinesRampur GardenBareilly - 243001, ",Open until 08:30 PM,"(28.348949813751062, 79.41944864428737)","+919458212007	"
Titan World,"No C7, Mangalam TowerDd PuramBareilly - 243122, ",Open until 10:00 PM,"(28.406345000000044, 79.41215003400004)","+915813584217	"
Titan World,"Shaukat Ali RoadCivil LinesRampur - 244901, ",Open until 08:30 PM,"(28.793310000000076, 79.02222000000006)","+917080408107	"
Titan World,"Shop No 59Garh RoadHapur - 245101, ",Open until 08:30 PM,"(28.727953736663476, 77.80724492318797)","+917088034848	"
Titan World,"Ground Floor, Court RoadGhanta Ghar RoadSaharanpur - 247001, ",Open until 08:00 PM,"(29.91768604864598, 77.52118607636653)","+919528388917	"
Titan World,"No 177/16, Prem Mandir RoadCivil LinesRoorkee - 247667, ",Open until 08:30 PM,"(29.873070455872423, 77.89078354437943)","+919997006092	"
Titan World,"No 3, Astley HallRajpur RoadDehradun - 248001, ",Open until 09:00 PM,"(30.32967770847673, 78.0562659543631)","+917830033444	"
Titan World,"No 16/15, Ballupur RoadKishan Nagar ChowkDehradun - 248001, ",Open until 08:30 PM,"(30.33075998552644, 78.02262996231326)","+919358102121	"
Titan World,"Building No 58Railway RoadRishikesh - 249201, ",Open until 08:30 PM,"(30.11247653699853, 78.28648018353404)","+918126249596	"
Titan World,"Madhurim Building, Ranipur ModChandra Charya ChowkHaridwar - 249401, ",Open until 09:00 PM,"(29.933808251748403, 78.13472293528444)","+917060920888	"
Titan World,"Ward No 11, Church Compound, SakhawatganjNainital RoadHaldwani - 263139, ",Open until 08:30 PM,"(29.142125000000078, 79.80364149600007)","+918439989333	"
Titan World,"No D 1 & 2, Plot No 4, Ward No 13Kashipur Bypass RoadRudrapur - 263153, ",Open until 08:30 PM,"(28.97775681937172, 79.39370031171656)","+917409840008	"
Titan World,"48/41, Vibe Shopping Square, Roop Bhawan, Gonda RoadGhasiyaripuraBahraich - 271801, ",Open until 09:00 PM,"(27.570476391000057, 81.60026500000004)","+917275188333	"
Titan World,"Ground FloorBank RoadGorakhpur - 273001, ",Open until 08:00 PM,"(26.75007000000005, 83.39047265500005)","+917275012779	"
Titan World,"Shop No 1, Ground Floor, Jalkal GateGolgharGorakhpur - 273001, ",Open until 09:00 PM,"(26.75007000000005, 83.39047265500005)","+918303991404	"
Titan World,"SN 1 & 2, H No 53, UGF, Gokul ComplexCivil LinesDeoria - 274001, ",Open until 08:00 PM,"(26.464030000000037, 83.81300177900005)","+918858762518	"
Titan World,"Building No 344AilwalAzamgarh - 276001, ",Open until 08:00 PM,"(26.07207246200005, 83.17033500000008)","+919453779922	"
Titan World,"No 215/84, Dwarka Enclave, Link RoadKrishna NagarMathura - 281001, ",Open until 09:00 PM,"(28.555533012508345, 77.04840753208829)","+917088034949	"
Titan World,"Shop No G/2, 35/2Sanjay PlaceAgra - 282002, ",Open until 09:00 PM,"(27.201869455037258, 78.00733648552992)","+919105977735	"
Titan World,"Marda PlazaMI RoadJaipur - 302001, ",Open until 08:30 PM,"(26.920540009000035, 75.81365500000004)","+911414106729	"
Titan World,"No 1, Jaipur TowersMI RoadJaipur - 302001, ",Open until 08:30 PM,"(26.920540009000035, 75.81365500000004)","+919887978009	"
Titan World,"6 to 8, 1st Flr, MGF Metropolital Mall22 Godam CircleJaipur - 302001, ",Open until 08:30 PM,"(26.902550019744112, 75.79307498214445)","+911414917842	"
Titan World,"Plot No 5, Unit 2, Divya Mall, Lal KothiTonk RoadJaipur - 302015, ",Open until 09:30 PM,"(26.864795694000065, 75.79772500000007)","+911414003390	"
Titan World,"Shop No 9 & 10, UGF, WTP Mall, Block AMalviya NagarJaipur - 302017, ",Open until 09:30 PM,"(40.034809983351636, -81.58607003352887)","+911414041688	"
Titan World,"No122/44, Agarwal Farm, VijaypathMansarovarJaipur - 302020, ",Open until 09:00 PM,"(26.850430000000074, 75.75422350200006)","+911412782300	"
Titan World,"Shop No G/3 & G/4, Vaishali Tower 2, Nursari CircleVaishali NagarJaipur - 302021, ",Open until 08:30 PM,"(26.915000369902998, 75.74354450961711)","+919680346379	"
Titan World,"Shop No 13/14, Sajjan Arcade, Mini Mall, Bhadada GardenPratap Talkies RoadBhilwara - 311001, ",Open until 09:00 PM,"(25.34667001354819, 74.63619003753931)","+916376776623	"
Titan World,"Shop No 5, Gr Flr, The Celebration MallBhuwanaUdaipur - 313001, ",Open until 08:30 PM,"(24.588730000000055, 73.69557294500004)","+912945158898	"
Titan World,"No 132/133B, Main RoadAshok NagarUdaipur - 313001, ",Open until 09:00 PM,"(24.585260000000062, 73.70217000000008)","+917230049997	"
Titan World,"No 87, N BlockGausala RoadSriganganagar - 335001, ",Open until 09:00 PM,"(29.921683847161585, 73.87588172845517)","+911542480066	"
Titan World,"Shop No 8, Ground Floor, Goyal Tower, Mall RoadHanumangarh JunctionHanumangarh - 335512, ",Open until 09:00 PM,"(29.605204018192673, 74.29060502570866)","+911552294407	"
Titan World,"Ground FloorBikaner RoadSuratgarh - 335804, ",Open until 09:00 PM,"(29.31106999018745, 73.9050799998944)","+911509295120	"
Titan World,"Ground FloorJalori GateJodhpur - 342001, ",Open until 08:30 PM,"(26.265045000000043, 73.04356802100006)","+912912613513	"
Titan World,"No 372/B1, 3rd C RoadSardarpuraJodhpur - 342003, ",Open until 08:30 PM,"(26.266580000000033, 72.99915708300006)","+912912621525	"
Titan World,"Ground Floor, Holiday Business Circle, Kalawad RoadKotecha ChowkRajkot - 360001, ",Open until 09:00 PM,"(22.28943000000004, 70.77702000000005)","+912812580080	"
Titan World,"Shop No 1, Azzaro Square, Yagnik RoadTrikon BaugRajkot - 360001, ",Open until 08:40 PM,"(22.293255422553372, 70.80019264538382)","+917016275833	"
Titan World,"Ground Floor, Copper AnnexePN MargJamnagar - 361008, ",Open until 09:00 PM,"(22.485355000000027, 70.06275152000006)","+919925512222	"
Titan World,"Shop No 5 & 6, Balaji AvenueMoti Baugh RoadJunagadh - 362001, ",Open until 08:30 PM,"(10.991919991090853, 76.942849977381)","+918200939149	"
Titan World,"Shop No 3 & 4, Ghanshyam Market 2Ravapar RoadMorbi - 363641, ",Open until 09:30 PM,"(22.788894570965407, 70.82270572258464)","+918238799099	"
Titan World,"No G3, Krushna Darshan, Waghawadi RoadParimal ChowkBhavnagar - 364001, ",Open until 08:30 PM,"(21.760456626639588, 72.15283491741904)","+912782223123	"
Titan World,"Shop No 1, City Center ComplaxCommerce College RoadBhuj - 370001, ",Open until 09:30 PM,"(23.37761500000005, 69.77227186000005)","+917069199933	"
Titan World,"Shop No 3, 4, 7 & 8, Plot No 278 , Ward No 12 BGadi MarketGandhidham - 370201, ",Open until 08:30 PM,"(23.059120153000038, 70.12990000000008)","+919712347577	"
Titan World,"No 9/10, Maharaj ComplexRelief RoadAhmedabad - 380001, ",Open until 08:30 PM,"(23.026470000000074, 72.58362000000005)","+917600927487	"
Titan World,"No F/43, 1st Floor, Alpha One MallVastrapur Lake RoadAhmedabad - 380005, ",Open until 09:30 PM,"(23.039750000000026, 72.53092000000004)","+917940307341	"
Titan World,"No 4/5, Aarohi ComplexVijay Cross RoadAhmedabad - 380007, ",Open until 09:00 PM,"(23.000865000000033, 72.55268815700003)","+917801833662	"
Titan World,"Shop No 1, Shivalik Complex, Kankaria RoadMani NagarAhmedabad - 380008, ",Open until 10:00 PM,"(23.004821131093415, 72.60635871092254)","+917940099747	"
Titan World,"No 11, 12, 12A, Maridia PlazaCG RoadAhmedabad - 380009, ",Open until 09:00 PM,"(23.02669001418478, 72.55737998176244)","+917948902487	"
Titan World,"Shop No 5, Ground Floor, Shivalik Arcade, 100 Feet Ring RoadPrahallad NagarAhmedabad - 380018, ",Open until 08:30 PM,"(23.032655188000035, 72.61198000000007)","+917940326495	"
Titan World,"No 4/40, Vallabh Nagar, Char RastaBapunagarAhmedabad - 380024, ",Open until 08:30 PM,"(23.03836624400003, 72.63025000000005)","+918866505410	"
Titan World,"Shop No 139 to 141, TRP Mall, BRTS Road, East CourtBopalAhmedabad - 380058, ",Open until 09:00 PM,"(23.02416500000004, 72.46689135400004)","+919909022226	"
Titan World,"Shop No 7 to 10, Omkar PlazaNikolAhmedabad - 382350, ",Open until 09:30 PM,"(23.044836485000076, 72.66510500000004)","+917935586667	"
Titan World,"Shop No 06, Radhe Square Complex, Reliance Cross RoadsKudasanGandhinagar - 382421, ",Open until 09:00 PM,"(23.164735000000064, 72.59968525900007)","+918511038844	"
Titan World,"Shop No 44/45, 4D Square Mall, MoteraChandkhedaAhmedabad - 382424, ",Open until 09:00 PM,"(23.11573500000003, 72.58596506400005)","+919737399967	"
Titan World,"No 10/11, ETC Shakti, Vandematram RoadGotaAhmedabad - 382481, ",Open until 09:00 PM,"(23.092584028000033, 72.54653500000006)","+917069881122	"
Titan World,"Ground FloorChhaparia Cross RoadHimmatnagar - 383001, ",Open until 08:30 PM,Not Found,"+919974698537	"
Titan World,"Shop No 3 & 4, Darsh ComplexRadhanpur RoadMehsana - 384002, ",Open until 08:30 PM,"(23.61342865721138, 72.36750844440154)","+912762231444	"
Titan World,"Shop No 5, Devdarshan ComplexAbu RoadPalanpur - 385001, ",Open until 09:00 PM,"(24.186450000000036, 72.54371985100005)","+917567385001	"
Titan World,"No 1, Sky TatvaCollege RoadNadiad - 387001, ",Open until 08:00 PM,"(22.686940004437673, 72.86648001189644)","+919978997384	"
Titan World,"No G/11/12, Sanket ComplexLambhvel RoadAnand - 388001, ",Open until 08:00 PM,"(22.55293998520493, 72.94290997690658)","+912692666688	"
Titan World,"Survey No 16/280RaopuraVadodara - 390001, ",Open until 08:30 PM,"(22.29673500000007, 73.19754250000005)","+912652422975	"
Titan World,"No G/14, Inorbit MallSubhanpura RoadVadodara - 390003, ",Open until 09:30 PM,"(22.3214842916035, 73.16508569651006)","+917874857635	"
Titan World,"Wing B, Carnation BuildingRace Course CircleVadodara - 390007, ",Open until 09:00 PM,"(22.31143000000003, 73.16479000000004)","+912652335727	"
Titan World,"No 17/18, Alkapuri ArcadeRC Dutt RoadVadodara - 390007, ",Open until 09:00 PM,"(22.312585361422325, 73.17236905821859)","+917359251010	"
Titan World,"Shop No 9, Nilamber TriumphGotri Vasna RoadVadodara - 391410, ",Open until 09:30 PM,"(22.28927603165704, 73.12937157307093)","+919099069766	"
Titan World,"No 12/13/14, Dreamland PlazaStation RoadBharuch - 392001, ",Open until 08:30 PM,"(21.701700000000073, 72.99140000000006)","+912642266501	"
Titan World,"No 4, Ground Floor, Shantam BuildingSarthana RoadSurat - 395006, ",Open until 10:00 PM,"(21.229408099930893, 72.90345503625)","+917016046886	"
Titan World,"No 5, Natural ParkGhod Dod RoadSurat - 395007, ",Open until 09:15 PM,"(21.17482401636447, 72.80343461451538)","+919898419202	"
Titan World,"No U/3/4, Anjan Shlaka Complex, Surat Dumas RoadAthwalinesSurat - 395007, ",Open until 09:00 PM,"(21.119660000000067, 72.76238582000008)","+918866038936	"
Titan World,"F/105, 1st Floor, VR MallDumas RoadSurat - 395007, ",Open until 08:30 PM,"(21.119660000000067, 72.76238582000008)","+919898033185	"
Titan World,"HG/1, Shreeji Arcade, Anand Mahal RoadAdajanSurat - 395009, ",Open until 09:00 PM,"(21.19414000000006, 72.79858000000007)","+912612734729	"
Titan World,"No 6, Gunjan Shopping Centre, GIDCGunjan Char RastaVapi - 396195, ",Open until 09:00 PM,"(20.355153707000056, 72.93067000000008)","+919869777516	"
Titan World,"S No 1, Yusuf Building, Flora FountainVeer Nariman RoadMumbai - 400001, ",Open until 09:00 PM,"(18.924671725793523, 72.8302529407776)","+912247763447	"
Titan World,"Shop No 11, Rushabh Apartment, Charni RoadPrathna SamajMumbai - 400004, ",Open until 08:00 PM,"(18.956257515224788, 72.82274199636066)","+919326857119	"
Titan World,"No 378, NC Kelkar RoadDadar WestMumbai - 400028, ",Open until 09:00 PM,"(19.02198995305473, 72.84253665817833)","+912224211721	"
Titan World,"Holland House, S Bhagat Singh MargColabaMumbai - 400039, ",Open until 09:00 PM,"(48.83035000000007, 44.60835000000003)","+918419983397	"
Titan World,"No G1 & G2, Navchandra Niwas Cooperative, No 199, Linking Road, DiagonallyBandraMumbai - 400050, ",Open until 09:30 PM,"(19.05202569000005, 72.83004000000005)","+912266714800	"
Titan World,"No 365/C, Gr & 1st Flr, Giriraj BuildingKhar Linking RoadMumbai - 400052, ",Open until 08:30 PM,"(19.073990000000038, 72.83445000000006)","+919136149955	"
Titan World,"Shop No 2, Jamuna Apartment, SV RoadAndheri WestMumbai - 400058, ",Open until 09:00 PM,"(19.114690000000053, 72.84277000000003)","+912226203366	"
Titan World,"No F/28, 1st Floor, Oberoi Mall, Western Express HighwayGoregaon EastMumbai - 400063, ",Open until 09:30 PM,"(19.141369175270984, 72.85478547082666)","+912242645461	"
Titan World,"Shop No G24, Ground Floor, Inorbit Mall, Link RoadMallad WestMumbai - 400064, ",Open until 09:30 PM,"(19.172920000000033, 72.83618000000007)","+912249765876	"
Titan World,"LG9, Lower Ground Floor, Infiniti Mall, Link RoadMalad WestMumbai - 400064, ",Open until 10:00 PM,"(19.177975775515584, 72.8367801455229)","+912228808558	"
Titan World,"No LG11, Phoenix Market City, LBS MargKurla WestMumbai - 400070, ",Open until 09:30 PM,"(19.08499000000006, 72.88645000000008)","+912249674672	"
Titan World,"Ground Floor, Natraj Theatre Building, Road No 1ChemburMumbai - 400071, ",Open until 09:30 PM,"(19.05606000000006, 72.89703350000008)","+919867437760	"
Titan World,"No 5/6, Paras Darshan, MG RoadGhatkoparMumbai - 400077, ",Open until 09:00 PM,"(19.076085000000035, 72.90510109300004)","+917709097970	"
Titan World,"Shop No 2 & 3, Jai Shiv Shakti Building, Jawharlal Nehru RoadMulundMumbai - 400080, ",Open until 09:00 PM,"(19.175277763000054, 72.95184500000005)","+912225656495	"
Titan World,"No G/28/29, R City Mall, LBS MargGhatkoper WestMumbai - 400086, ",Open until 09:30 PM,"(19.09252213677698, 72.9067082375679)","+918767322799	"
Titan World,"Shop No 1, Ground Floor, Mehul Building, LT RoadBorivali WestMumbai - 400092, ",Open until 09:30 PM,"(19.227200293138964, 72.84164797528608)","+912228904516	"
Titan World,"Unit No W5/3104, Domestic Departure, Level 3Santacruz EastMumbai - 400099, ",Open 24 Hours,"(19.08929209970436, 72.84375572366301)","+919892934450	"
Titan World,"No G/61, GF, Viviana Mall, Subhash Nagar, Eastern Express HighwayThane WestThane - 400601, ",Open until 10:00 PM,"(19.20918113944658, 72.97320009037927)","+912261701498	"
Titan World,"Ground Floor, Pitru Smruti, Ram Maruti & Gokhle RoadNaupadaThane - 400602, ",Open until 09:30 PM,"(19.187799985142334, 72.9725099974184)","+912225368910	"
Titan World,"Shop No UG 9, Korum MallSamata NagarThane - 400606, ",Open until 09:30 PM,"(19.231450924000058, 72.93957000000006)","+912225376111	"
Titan World,"Shop No 11 & 12, Persipolis 74, Plot No 88Sector 17Navi Mumbai - 400703, ",Open until 10:00 PM,"(22.281209999826373, 70.83186002021276)","+912227890094	"
Titan World,"Shop No 4, Ground Floor, Shah Signature, Plot No 7, Unit No 103Vashi, Sector 17Navi Mumbai - 400703, ",Open until 10:00 PM,"(19.071860000000072, 72.99928000000006)","+919833815865	"
Titan World,"No G16, Plot No 39/1, Inorbit MallVashi, Sector 30 ANavi Mumbai - 400705, ",Open until 08:30 PM,"(19.071576458000038, 73.03237500000006)","+912240131436	"
Titan World,"Space 912, Pleasant ParkMira Bhayandar RoadThane - 401107, ",Open until 10:00 PM,"(19.295513049621146, 72.85763486061066)","+919152898044	"
Titan World,"Shop No 1 & 2, Anita Palace, Amabadi Road, NavgharVasai WestThane - 401202, ",Open until 09:00 PM,"(19.382210000000043, 72.82893000000007)","+918888300561	"
Titan World,"No 7, Gr Flr, The Capital Mall, Off New Link RoadAchole RoadVirar - 401209, ",Open until 09:30 PM,"(19.407011293265086, 72.8276639545062)","+919763874483	"
Titan World,"Shop No 1 & 2, Leo Squre BuildingBoisarPalghar - 401501, ",Open until 08:45 PM,"(19.808897537000064, 72.79637000000008)","+918007718415	"
Titan World,"Shop No 1, Durga Chambers18th June RoadPanaji - 403001, ",Open until 08:00 PM,"(15.497373423646222, 73.82526437227044)","+918322227665	"
Titan World,"Shop No 3, Aisha MallOld MarketMargao - 403601, ",Open until 08:30 PM,"(15.283429203637402, 73.98518178597188)","+917558486911	"
Titan World,"No 14, Paes BuildingFl Gomes RoadVasco Da Gama - 403802, ",Open until 09:00 PM,"(15.399101445768634, 73.81734178144838)","+918322515556	"
Titan World,"Shop No 4, Shree Sukhakarta, Plot No 128, MCCH SocietyPanvelPanvel - 410206, ",Open until 09:00 PM,"(18.985464798921907, 73.1146114944291)","+912227483565	"
Titan World,"19/20, Shree Complex, Manas Complex RdKamothe, Sector 14Navi Mumbai - 410209, ",Open until 09:30 PM,"(19.126070000000027, 72.99050000000005)","+918591381688	"
Titan World,"Shop No 30/31, Patel Heritage, Plot 15 & 17Kharghar, Sector 7Navi Mumbai - 410210, ",Open until 10:00 PM,"(19.03475000000003, 73.06432000000007)","+918657959166	"
Titan World,"SN 7 & 107, Gr Flr, Vishal Capital, Khed, No 1638 & 1648, Pune Nashik HwyChakanPune - 410501, ",Open until 08:30 PM,"(18.753430000000037, 73.87970426300006)","+919673644675	"
Titan World,"No 13, MG RoadPune CampPune - 411001, ",Open until 09:00 PM,"(18.503399988870783, 73.8786000171111)","+912048604800	"
Titan World,"Shop No 5, Ground Floor, Suman ComplexKalyani NagarPune - 411004, ",Open until 09:00 PM,"(18.511975006000057, 73.83331000000004)","+918956412575	"
Titan World,"No 1318, JM RoadShivajinagarPune - 411005, ",Open until 09:00 PM,"(18.52942500000006, 73.85226756500003)","+918668461305	"
Titan World,"Ground Floor, Plexus Mall, ITI RoadAundhPune - 411007, ",Temporarily Closed,"(18.553185000000042, 73.81615950700007)","+918956683920	"
Titan World,"Shop No 7 to 9, PN 2, Landmark Centre, Sy No 46/1B, Pune Satara RoadSatara RoadPune - 411009, ",Open until 09:00 PM,"(18.487070000000074, 73.84407461000006)","+912024232929	"
Titan World,"No F/64, Pheonix Market City, Nagar RoadViman NagarPune - 411014, ",Open until 09:15 PM,"(18.561202403014946, 73.91889375952584)","+912040037461	"
Titan World,"No D3/5Mumbai Pune RoadPune - 411019, ",Open until 08:30 PM,"(18.642305466431026, 73.79197260660361)","+912027475455	"
Titan World,"Shop No 6 & 7, Queen ParksPimple SaudagarPune - 411027, ",Open until 09:30 PM,"(18.597259995805686, 73.80248001488042)","+917875020155	"
Titan World,"G3, G4, G4A, Ground Floor, Seasons MallMagarpattaPune - 411028, ",Open until 10:00 PM,"(18.476019446000066, 73.92861000000005)","+919822390535	"
Titan World,"Shop No 1 to 4, Silver Fern, Karve RoadKothrudPune - 411038, ",Open until 09:00 PM,"(18.510280000000023, 73.80218000000008)","+912025440433	"
Titan World,"SN 2A, GF, Punyai Sabhagruha, Sy No 127/1, New Paud RoadKothrudPune - 411038, ",Open until 08:45 PM,"(18.510280000000023, 73.80218000000008)","+919607048977	"
Titan World,"Shop No 1, 2 & 10, Mohite Paradise, Wing C, Sinhagad RoadHingne KhurdPune - 411051, ",Open until 08:30 PM,"(18.478499673978483, 73.83132495543339)","+918484083637	"
Titan World,"CM Plaza, Wai Satara RoadYashwant NagarWai - 412803, ",Open until 08:30 PM,"(17.974815000000035, 73.71789981400008)","+919975989697	"
Titan World,"No 126/7Murarji PethSolapur - 413001, ",Open until 08:30 PM,"(2.7784541850000437, -75.25629262699994)","+912172723500	"
Titan World,"Shop No 1 & 2 & 5, Laxmi Heights, Karbhari Chowk, High StreetKasbaBaramati - 413102, ",Open until 09:00 PM,"(51.41065729700006, 46.046023784000056)","+919206050050	"
Titan World,"Building No 2961/44Bhopale RoadSolapur - 413307, ",Open until 08:00 PM,"(17.326055275000044, 75.12105500000007)","+917507995995	"
Titan World,"Ground Floor, Lifestyle Building, Rajiv Gandhi ChowkAusa RoadLatur - 413531, ",Open until 09:00 PM,"(18.377939997416895, 76.5578099882965)","+912382225977	"
Titan World,"Shop No 3720A, Soham Krishna Building, City Survey No 3460/2NavipethAhmednagar - 414001, ",Open until 09:00 PM,"(2.382575000000031, -75.54680047499994)","+912412417000	"
Titan World,"No 43/55, Meera Heights, Nagar Manmad Highway, High StreetSavediAhmednagar - 414002, ",Open until 09:00 PM,Not Found,"+919970282807	"
Titan World,"Shop No 3 & 4, Ground Floor, CTS No 174/D, Raviwar PethPowai NakaSatara - 415001, ",Open until 09:00 PM,"(17.68798019737248, 74.00584432900837)","+919970701170	"
Titan World,"No 434/11, Shaniwar Peth, Market Yard RoadBheda ChowkKarad - 415110, ",Open until 08:30 PM,"(17.271285145718657, 74.17967759697954)","+917219599498	"
Titan World,"Shop No G/08/09, Yashodip Complex, NachaneShivaji NagarRatnagiri - 415612, ",Open until 09:00 PM,"(16.94904500000007, 73.33344357100003)","+919970348197	"
Titan World,"Ward No 1445C, Dasara ChowkLaxmipuriKolhapur - 416002, ",Open until 08:00 PM,"(16.700785000000053, 74.22469468700007)","+912312642324	"
Titan World,"Pranam Arcade, Sangli Miraj RoadHigh StreetSangli - 416416, ",Open until 08:30 PM,"(16.856040000000064, 74.57487000000003)","+912332323699	"
Titan World,"Shop No 1 & 2, Nav Ashutosh BuildingKalyan RoadThane - 421201, ",Open until 08:30 PM,"(19.21549557790836, 73.09642762078919)","+917558228462	"
Titan World,"No 1 & 2, Suchak House, Murbad RoadKalyanThane - 421301, ",Open until 09:30 PM,"(19.25979138300005, 73.12974500000007)","+919321630173	"
Titan World,"Shop No 2, Sundaram BuildingKatrap RoadBadlapur - 421503, ",Open until 08:00 PM,"(19.181582563836596, 73.21826199661841)","+918766554674	"
Titan World,"Shop No MFS 7, UGF, City Centre Mall, Untwadi RoadLawate NagarNashik - 422002, ",Open until 09:30 PM,"(19.9902757042903, 73.75968903393778)","+918390556000	"
Titan World,"Shop No 29 to 31, Devs Arcade, Samarth NagarMahatma NagarNashik - 422005, ",Open until 09:00 PM,"(19.995760000000075, 73.75407000000007)","+912536610100	"
Titan World,"Shop No 2, Gr Flr, Mithila Building, Nashik RoadBytco PointNashik - 422101, ",Open until 09:00 PM,"(19.975202420809527, 73.83854812927514)","+919762069999	"
Titan World,"Shop No 3 & 4, Mangal jeevanStadium RoadJalgaon - 425001, ",Open until 08:30 PM,"(21.013930000000073, 75.57153529900006)","+918767867507	"
Titan World,"Khatod Complex, Nirala BazarAurangapuraAurangabad - 431001, ",Open until 08:30 PM,"(19.887415000000033, 75.33221395000004)","+912402350106	"
Titan World,"No G/24, Prozone MallChikalthana Industrial AreaAurangabad - 431210, ",Open until 10:00 PM,"(54.77834000000007, 42.72553000000005)","+912406618744	"
Titan World,"Ground Floor, Godavari Complex, Vip RoadITI CornerNanded - 431602, ",Open until 08:45 PM,"(19.160663933000023, 77.23146500000007)","+919022685275	"
Titan World,"No 6, Sadique Building, Mount RoadSadar ExtensionNagpur - 440001, ",Open until 08:45 PM,"(21.16255357321673, 79.07453270342161)","+917122540185	"
Titan World,"UG 20 & 21, VR Mall, Medical ChowkRam Bagh LayoutNagpur - 440003, ",Open until 09:00 PM,"(21.131564097790505, 79.09746998879007)","+918956164461	"
Titan World,"Shop No 1 & 2, Shankar Nagar Square, Khare TownDharampethNagpur - 440010, ",Open until 08:45 PM,"(21.132570000000044, 79.06372616900006)","+917126630925	"
Titan World,"CTS No 191, City Survey No 184/1 & 185/1, Gandhi Putla Square, New Itwari RdItwariNagpur - 440032, ",Open until 08:45 PM,"(21.14426000000003, 79.10539617600006)","+919607047833	"
Titan World,"Ground FloorMilan ChowkChandrapur - 442401, ",Open until 09:00 PM,"(19.971610000000055, 79.31859166700008)","+919960699299	"
Titan World,"No 336/1, Balaji Market Complex, Ward No 31, Jawahar RoadSaroj ChowkAmravati - 444601, ",Open until 09:00 PM,"(20.92215771188175, 77.75406726552563)","+919607047966	"
Titan World,"UG 2 & 3, Plot No 11, Regal Centre, IDS Scheme 47Swapna Sangeeta INOXIndore - 452001, ",Open until 08:45 PM,"(22.698795000000075, 75.88584569700004)","+917314965234	"
Titan World,"No 56, Ground Floor, Silver ArcadeNew PalasiaIndore - 452001, ",Open until 09:00 PM,"(22.72476000000006, 75.88440000000008)","+917312535314	"
Titan World,"No 1, Annapurna Road, Mhow NakaUsha NagarIndore - 452009, ",Open until 09:00 PM,"(22.681130004432575, 75.83477997958417)","+917314960077	"
Titan World,"Shop No UG 44 & 45, Orbit Mall, Plot No 305/306AB RoadIndore - 452010, ",Open until 10:00 PM,"(22.76243500000004, 75.88580000000007)","+917314094442	"
Titan World,"No 3, Sunshine Tower, Bhatwal TalkiesFreeganjUjjain - 456010, ",Open until 08:30 PM,"(54.997340000000065, 57.25126000000006)","+918889797444	"
Titan World,"No 85Chandini ChowkRatlam - 457001, ",Open until 08:30 PM,"(23.380868649000035, 75.11290000000008)","+917412235776	"
Titan World,"Phoenix Corporate Park, Hoshangabad RoadBawadia KalanBhopal - 462003, ",Open until 09:00 PM,"(23.228573805368125, 77.43435684514914)","+919179091003	"
Titan World,"No 6, Shalimar House, Rajbhawan RoadMalviya NagarBhopal - 462003, ",Open until 09:00 PM,"(23.240220000000022, 77.40492000000006)","+917554220353	"
Titan World,"No 5/6, Ground Floor, DB MallMP NagarBhopal - 462011, ",Open until 09:00 PM,"(23.23518918883931, 77.43492471382629)","+917556644005	"
Titan World,"No E5/12, Bittan MarketArera ColonyBhopal - 462016, ",Open until 09:30 PM,"(23.207086010212592, 77.43402054547967)","+917554265770	"
Titan World,"No A/26, Ground Floor, Main RoadIndrapuriBhopal - 462022, ",Open until 09:00 PM,"(23.233399062000046, 77.55658500000004)","+917554925729	"
Titan World,"Jabalpur RoadMakroniyaSagar - 470004, ",Open until 09:15 PM,"(23.859711038478704, 78.79851195286997)","+917582351016	"
Titan World,"No G/28/29, Ground Floor, DB MallMela Ground RoadGwalior - 474001, ",Open until 09:30 PM,"(26.226300000000037, 78.20197000000007)","+917514924138	"
Titan World,"No G1, Dindayal City Mall, MLB RoadLashkarGwalior - 474002, ",Open until 09:30 PM,"(26.222920513000076, 78.17817500000007)","+917514033491	"
Titan World,"No 14/15, Patni ComplexParasia RoadChhindwara - 480001, ",Open until 10:00 PM,"(22.057870000000037, 78.93510000000003)","+916268366420	"
Titan World,"No 11/12, Jabalpur Club ComplexNaudara BridgeJabalpur - 482002, ",Open until 09:00 PM,"(23.18007755344125, 79.93446473661982)","+917612413608	"
Titan World,"No 935/936, Main MarketGorakhpurJabalpur - 482002, ",Open until 09:00 PM,"(23.246330000000057, 79.89006653700005)","+917617960879	"
Titan World,"Shop No 1, Dakshin Gangotri, Block 6/A, Circus Maidan RoadSupelaBhilai - 490023, ",Open until 09:00 PM,"(21.220835000000022, 81.34564871000003)","+917884039600	"
Titan World,"1188/6, 1188/18, 1188/19, Station Road, Indira Market, Chitnavis MargShankar NgrDurg - 491001, ",Open until 09:30 PM,"(21.188795667542543, 81.27858377616984)","+917883500205	"
Titan World,"GE RoadShastri ChowkRaipur - 492001, ",Open until 08:30 PM,"(21.245436354898647, 81.64171250357992)","+919977248671	"
Titan World,"Simran TowersPandriRaipur - 492004, ",Open until 09:00 PM,"(21.253360000000043, 81.64952000000005)","+917337329010	"
Titan World,"No 1, Rajendra NagarRing RoadRaipur - 492006, ",Open until 10:00 PM,"(21.22971000000007, 81.65680000000003)","+917714700007	"
Titan World,"National ElectronicsTarbahar ChowkBilaspur - 495001, ",Open until 09:30 PM,"(22.07014265725087, 82.1620326430813)","+919039257292	"
Titan World,"Ground Floor, Hora Chambers, Agarsen ChowkLink RoadBilaspur - 495001, ",Open until 10:00 PM,"(22.078130000000044, 82.15113000000008)","+917752428888	"
Titan World,"Ground FloorTransport NagarKorba - 495678, ",Open until 09:30 PM,Not Found,"+919111766000	"
Titan World,"Shop No 121, Modi PlazaJagatpur RoadRaigarh - 496001, ",Open until 08:30 PM,"(21.91509518145653, 83.38825716575549)","+917489902471	"
Titan World,"Ground FloorBanaras ChowkAmbikapur - 497001, ",Open until 09:30 PM,"(23.050080383000022, 83.23754000000008)","+916268057986	"
Titan World,"No 125MG RoadHyderabad - 500003, ",Open until 08:30 PM,"(17.4475975313262, 78.4873935697066)","+919000091462	"
Titan World,"No 92, Main Road, HabsigudaNacharamHyderabad - 500007, ",Open until 09:30 PM,"(4.210888822000072, -73.67770349299997)","+914042014359	"
Titan World,"Plot No 27, KarkhanaNew Vasavi NagarSecunderabad - 500015, ",Open until 09:30 PM,"(17.461160000000064, 78.50217000000004)","+914040160871	"
Titan World,"Shop No 2, Amrutha Mall, RB RoadSomajigudaHyderabad - 500016, ",Open until 09:00 PM,"(17.440540000000055, 78.46832948300005)","+914066611424	"
Titan World,"No 1/1/18/57, TRT 9, Jawahar Nagar, RTC Cross RdChikkadpallyHyderabad - 500020, ",Open until 09:30 PM,"(38.10804128093088, 140.03401051277018)","+914040171179	"
Titan World,"No 3/6/365, Liberty Plaza, BasheerbaghHimayatnagarHyderabad - 500029, ",Open until 09:30 PM,"(17.406599521000032, 78.48419000000007)","+914046035276	"
Titan World,"No 2, 8/2/293/82/A/474 & 475, Road No 36, Peddamma Temple Metro StnJublee HillsHyderabad - 500033, ",Open until 09:00 PM,"(17.41963237965536, 78.42822234253195)","+914023556480	"
Titan World,"Aztec TowersBanjara HillsHyderabad - 500034, ",Open until 09:00 PM,"(17.417401283910397, 78.45046392933044)","+914023315328	"
Titan World,"No 8/3/191/9, Vengalrao Nagar ColonyS R NagarHyderabad - 500038, ",Open until 08:30 PM,"(17.44708181946343, 78.43472896068292)","+918143060700	"
Titan World,"D No 2/1/599/1, B33VidyanagarHyderabad - 500044, ",Open until 08:30 PM,"(17.397921250000024, 78.50696500000004)","+914027667714	"
Titan World,"No 4/6/69/1/1, Vasudeva Reddy Complex, Pillar No 143, Attapur Main RoadAttapurHyderabad - 500048, ",Open until 09:00 PM,"(17.358235000000036, 78.42575907200006)","+914024018888	"
Titan World,"No 2/85, Annapurna Enclave, NH 65Chanda NagarHyderabad - 500050, ",Open until 09:30 PM,"(17.49621209376437, 78.32443690428912)","+914023030307	"
Titan World,"Shop No 16 & 17, DN 60/9/10, MPR Complex, IDPL Cross RoadsChintalRangareddy - 500054, ",Open until 09:30 PM,"(17.493155729000023, 78.44749000000007)","+914048563799	"
Titan World,"No 13/17/109/1, Ground Floor, Dilsukhnagar Main RoadKamala NagarHyderabad - 500060, ",Open until 09:00 PM,"(17.36870001413334, 78.53290002724759)","+919966535566	"
Titan World,"No 1/12/119/15, MBR Plaza, LIG B/15AS Rao NagarHyderabad - 500062, ",Open until 09:30 PM,"(17.46049775483024, 78.57397415554897)","+919381857278	"
Titan World,"Plot No 33, VanasthalipuramPrashanth NagarHyderabad - 500070, ",Open until 09:00 PM,"(17.330900019654493, 78.57010000318758)","+918019755550	"
Titan World,"No 103/104, Alluri Trade CenterKukatpallyHyderabad - 500072, ",Open until 09:00 PM,"(17.48704900000007, 78.40660000000008)","+914023060654	"
Titan World,"No G/35, Ground Floor, Inorbit Mall, MindspaceMadhapurHyderabad - 500081, ",Open until 08:30 PM,"(17.443250000000035, 78.38867000000005)","+919985949302	"
Titan World,"No 1F/64/66, Sarath City Capital Mall, 1st FloorKondapurHyderabad - 500084, ",Open until 09:30 PM,"(17.47041500000006, 78.34930843000006)","+916303311998	"
Titan World,"Plot No 5, Ground Floor, NCL Enclave, Quthbullapur, PetbasheerabadKompallyRangareddy - 500090, ",Open until 09:00 PM,"(17.531917962000023, 78.39056500000004)","+919901077777	"
Titan World,"H No 18/18/79, Survey No 1315Hyderabad RoadSiddipet - 502103, ",Open until 09:30 PM,"(18.101690000000076, 78.84852339900004)","+919390539344	"
Titan World,"No 4/6/570/3A/1, Swarna Complex, Hyderabad RoadYellammaguttaNizamabad - 503003, ",Open until 09:00 PM,"(18.701310000000035, 78.18498664800006)","+918466881000	"
Titan World,"No 3/1/820Christian ColonyKarimnagar - 505001, ",Open until 09:00 PM,"(18.453002997726056, 79.12059979381662)","+918985870110	"
Titan World,"No 1/8/612, Srinidhi PlazaNakkalaguttaWarangal - 506002, ",Open until 09:30 PM,"(17.96043000000003, 79.60822411900006)","+918702544744	"
Titan World,"Door No 11/04/25/A, Wyra RoadNehru NagarKhammam - 507001, ",Open until 08:30 PM,"(17.247738623011994, 80.14892007268217)","+918742222488	"
Titan World,"1st FloorMetazideMahabubnagar - 509001, ",Open until 09:00 PM,"(16.740650000000073, 77.99878633400004)","+918542253114	"
Titan World,"D No 15/775, Raju RoadKamalanagarAnantapur - 515001, ",Open until 09:00 PM,"(14.670364147000043, 77.59772000000004)","+919505342233	"
Titan World,"Shop No 12 & 13, Muncipal ComplexRS RoadKadapa - 516004, ",Open until 09:00 PM,"(14.453600000000051, 78.83729286900007)","+919494444069	"
Titan World,"Door No 18/524Prakasham High RoadChittoor - 517001, ",Open until 09:30 PM,"(13.224836818000028, 79.09486000000004)","+918143645777	"
Titan World,"D No 19/8/181/E8, Air Bypass RoadYadava ColonyTirupati - 517501, ",Open until 09:00 PM,"(13.622899988490573, 79.42132996368287)","+917993075779	"
Titan World,"Door No 10/2/138/A6TK StreetTirupati - 517501, ",Open until 08:30 PM,"(13.62393000000003, 79.44210668800008)","+918772221177	"
Titan World,"Door No 40/581/A, Ground Floor, SV CplxRS RoadKurnool - 518004, ",Open until 09:30 PM,"(15.86424500000004, 78.03668224700004)","+918518276111	"
Titan World,"Plot No 32, Main RoadPadmavathi NagarNandyal - 518501, ",Open until 09:30 PM,"(15.49790500000006, 78.46214839300006)","+918179630777	"
Titan World,"Shop No 27/1/48Eluru RoadVijayawada - 520002, ",Open until 09:00 PM,"(16.516781108798373, 80.64258989103352)","+918666610060	"
Titan World,"No 40/1/133/1, LabbipetAcharya Ranga NagarVijayawada - 520010, ",Open until 09:00 PM,"(16.501776334969907, 80.64104944241215)","+919948212615	"
Titan World,"No 6/19/37, 12th Line, Main RoadArundelpetGuntur - 522002, ",Open until 09:00 PM,"(16.303862195000022, 80.43720000000008)","+918632241824	"
Titan World,"D No 5/87/20, Lakshmi Puram Main RoadLakshmipuramGuntur - 522007, ",Open until 09:00 PM,"(16.309660000870778, 80.43131995966252)","+918632217172	"
Titan World,"No 5/35, Sri Ganesh PlazaKurnool RoadPrakasam - 523002, ",Open until 08:45 PM,"(15.51344000000006, 80.04000000000008)","+919949355366	"
Titan World,"No 16/1/246, SR Plaza, Trunk RoadTrunk RoadNellore - 524001, ",Open until 09:00 PM,"(14.454009986693976, 79.98393001034106)","+918612336005	"
Titan World,"Plot No 147, Anjani Plaza, Magunta LayoutMini Bypass RoadNellore - 524003, ",Open until 09:30 PM,"(14.434632518691343, 79.97841334548846)","+916309521777	"
Titan World,"Shop No 5 & 6, City Centre ComplexJagadamba JunctionVisakhapatnam - 530002, ",Open until 09:00 PM,"(17.712095818709905, 83.3028609750908)","+918885558390	"
Titan World,"No 48/9/1Dwaraka NagarVisakhapatnam - 530016, ",Open until 08:30 PM,"(17.72643000247257, 83.30652003330482)","+918912765111	"
Titan World,"No 6/60/9/3, Tanishq Showroom Complex, Old GajuwakaChinagantyadaVisakhapatnam - 530046, ",Open until 09:00 PM,"(17.696462074000067, 83.16325000000006)","+918912762111	"
Titan World,"No 281, Krishna Park Area, Street No 100Palakonda RoadSrikakulam - 532001, ",Open until 09:30 PM,"(18.300528959178006, 83.89444769829346)","+917288885403	"
Titan World,"No 13/1/24, Subas RoadSuryaraopetKakinada - 533001, ",Open until 09:15 PM,"(16.954980000000035, 82.23805764300005)","+918846690901	"
Titan World,"No 31/1/40, Ajantha ComplexFort GateRajahmundry - 533101, ",Open until 09:00 PM,"(16.979897565000044, 81.78753500000005)","+919848155777	"
Titan World,"No 10/2/2, DB Venkatapathi Raju ComplexRajahmundry Lalacheruvu RoadRajahmundry - 533101, ",Open until 09:00 PM,"(17.00664000000006, 81.76750000000004)","+919848155777	"
Titan World,"House No 7/1/99/1, Revenue, Ward No 9Muslim StreetAmalapuram - 533201, ",Open until 09:30 PM,"(16.575995000000034, 82.01057301300006)","+918856294570	"
Titan World,"No 23B/2/20A, 42142, Main Road, Bendapudivari StreetR R PetWest Godavari - 534002, ",Open until 09:00 PM,"(16.63415750300004, 81.05959500000006)","+918812251448	"
Titan World,"GVS Commercial Complex, PP RoadGandhi NagarWest Godavari - 534201, ",Open until 09:30 PM,"(1.3725411300000587, 103.90178015700008)","+918816237779	"
Titan World,"Door No 21/14/8, Ramalingeswara ComplexRastrapathi RoadTanuku - 534211, ",Open until 09:00 PM,"(16.74726960600003, 81.68888500000008)","+918819243488	"
Titan World,"No 8/1/183, Daba, MG RoadThotaVizianagaram - 535001, ",Open until 09:00 PM,"(18.115270000000066, 83.40822599000006)","+919502042143	"
Titan World,"No 37, Everjoy BuildingCommercial StreetBengaluru - 560001, ",Open until 09:30 PM,"(12.982226885312542, 77.60827544763603)","+918041552126	"
Titan World,"No 77 & 78MG RoadBengaluru - 560001, ",Open until 09:00 PM,"(12.975459994271148, 77.60580001287434)","+918043703814	"
Titan World,"No 116, Krishna Arcade, Margosa Road, 12th & 11th Cross, 3rd MainMalleshwaramBengaluru - 560003, ",Open until 09:00 PM,"(13.001890020911532, 77.5693499658114)","+918041282020	"
Titan World,"No 187 & 188, Sampige Road, 10th CrossMalleshwaramBengaluru - 560003, ",Open until 09:00 PM,"(13.001309993211791, 77.57129004112039)","+918042061069	"
Titan World,"No 142, GR Plaza, DVG Road, Gandhi BazaarBasavanagudiBengaluru - 560004, ",Open until 09:00 PM,"(12.94565112500004, 77.57508500000006)","+919535033555	"
Titan World,"No 8, Prabhat Complex, KG RoadMajesticBengaluru - 560009, ",Open until 08:30 PM,"(12.978401250000047, 77.57841500000006)","+918022205856	"
Titan World,"UG26A, 1st Floor, Brigade Orion Mall, Dr Rajkumar RoadRajaji NagarBengaluru - 560010, ",Open until 10:00 PM,"(12.99239794982891, 77.55680711119437)","+918022682072	"
Titan World,"Raghavendra Complex, 4th Block, 10th MainJayanagarBengaluru - 560011, ",Open until 08:30 PM,"(12.934560000000033, 77.59073478400006)","+919019740245	"
Titan World,"No 39, Gopala Krishna Arcade, 11th Main Road, 4th BlockJayanagarBengaluru - 560011, ",Open until 10:00 PM,"(12.929670000000044, 77.58601000000004)","+918042099756	"
Titan World,"No 25, Lower Ground Floor, Global Mall, Mysore Deviation Rd, GopalpuraBinnipeteBengaluru - 560023, ",Open until 10:00 PM,"(12.976123878709544, 77.56454941481827)","+918943512345	"
Titan World,"No 178/1, Nirmala Complex, Main RoadRT NagarBengaluru - 560032, ",Open until 09:00 PM,"(13.028779924727141, 77.60117708954988)","+918041133947	"
Titan World,"No 37, 100 Feet Road, 6th BlockKoramangalaBengaluru - 560034, ",Open until 09:00 PM,"(12.93021185449245, 77.62191950599538)","+918042170409	"
Titan World,"No 69, Ground Floor, AGR Towers, Kaikondrahalli, Sarjapur RoadSarjapurBengaluru - 560035, ",Open until 08:30 PM,"(12.915583604460693, 77.67740729126433)","+918043002943	"
Titan World,"No 90/3, Outer Ring RoadMarathahalliBengaluru - 560037, ",Open until 09:00 PM,"(12.950820006872902, 77.6994400367604)","+918040980704	"
Titan World,"No 26, Chinmaya Mission Hospital Road, 2nd Stage, Hoysala NagarIndira NagarBengaluru - 560038, ",Open until 09:30 PM,"(12.978242576577813, 77.63503106200835)","+919980748542	"
Titan World,"No 777/E, Hal 2nd Stage, 100 Feet RoadIndiranagarBengaluru - 560038, ",Open until 09:00 PM,"(12.996080777000032, 77.64858500000008)","+918025215594	"
Titan World,"No G/2, No 2934E & 2935E, 2nd Stage, Magadi Chord RoadVijayanagarBengaluru - 560040, ",Open until 09:00 PM,"(12.967921554000043, 77.53685500000006)","+918023506972	"
Titan World,"No 4M, 404, HRBR Layout, 2nd BlockKammanahalli Main RoadBengaluru - 560043, ",Open until 09:00 PM,"(13.030596950123416, 77.62741717304704)","+918041110824	"
Titan World,"LG15, LGF, Phoenix Mall, Phoenix Mkt, Whitefield Road, MahadevapuraWhitefieldBengaluru - 560048, ",Open until 09:30 PM,"(12.97605510054594, 77.7103103113484)","+918067266242	"
Titan World,"No 20, Annapurna Complex, ITI ColonyNew Bel RoadBengaluru - 560054, ",Open until 08:30 PM,"(13.038775004930223, 77.56450497431888)","+918041687714	"
Titan World,"No 163/3, Tumkur Road, YeshwantpurDasarahalliBengaluru - 560057, ",Open until 08:30 PM,"(13.042520582785608, 77.51466840771121)","+918023722888	"
Titan World,"No 1444, Kengeri UpanagaraKengeriBengaluru - 560060, ",Open until 09:00 PM,"(12.925489979295747, 77.48572002979262)","+918747974979	"
Titan World,"LG 4A, Galleria MallYelahankaBengaluru - 560064, ",Open until 10:00 PM,"(13.135105000000067, 77.55545528400006)","+918068137453	"
Titan World,"No 751, Balachandra Layout, 2nd StageNagarbhaviBengaluru - 560072, ",Open until 09:30 PM,"(12.96513857900004, 77.51327000000003)","+918217307285	"
Titan World,"No 204, 205, Bannerghatta Main Road, Arakere Gate, Panduranga NgrBannerghattaBengaluru - 560076, ",Open until 08:30 PM,"(12.890060009849279, 77.59782002195612)","+918040955040	"
Titan World,"No 280/A, K No 21, Survey No 8/1, Hennur RoadKothanurBengaluru - 560077, ",Open until 08:30 PM,"(13.063570000000027, 77.65164086100003)","+917204288270	"
Titan World,"No 325, 80 Feet Road, Chord Road, 3rd Block, 3rd StageBasaveshwara NagarBengaluru - 560079, ",Open until 09:00 PM,"(12.993242467389233, 77.53908644608647)","+918041487273	"
Titan World,"No 288, 100 Feet, 3rd Stage, Outer Ring RoadBanashankariBengaluru - 560085, ",Open until 09:00 PM,"(12.931710000000066, 77.54275438500008)","+918026798020	"
Titan World,"Building No 68 to 70, Bellary Rd, ByatarayanapuraSahakar NagarBengaluru - 560092, ",Open until 09:30 PM,"(13.040769981705012, 77.59001001603434)","+918023625003	"
Titan World,"No 844, Beml Layout, Nehru Rd, 3rd StageRajarajeshwari NagarBengaluru - 560098, ",Open until 08:30 PM,"(12.917880619713515, 77.51831912927163)","+918851688611	"
Titan World,"New No 14/1, Survey No 54/2, Anekal, Industrial LayoutAttibeleBengaluru - 560099, ",Open until 09:30 PM,"(12.85027244500003, 77.69705000000005)","+918040997555	"
Titan World,"No 2335/185, Neeladri Road, Doddathoguru, Phase 1Electronic CityBengaluru - 560100, ",Open until 09:30 PM,"(12.826642370361698, 77.63996675723246)","+918041701667	"
Titan World,"No 7 & 8, HSR Layout, 27th Main RoadSector 1Bengaluru - 560109, ",Temporarily Closed,"(12.924340072957936, 77.65180837609623)","+918042042467	"
Titan World,"No 140ADevaraj Urs RoadMysore - 570001, ",Open until 09:00 PM,"(12.316305000000057, 76.66010538500007)","+918212423889	"
Titan World,"No 89/89/ADevaraj Urs RoadMysore - 570001, ",Open until 09:00 PM,"(12.308857603217445, 76.65205385350093)","+918214247197	"
Titan World,"Door No 581 & 581/4, Vishwamanava Double RoadKuvempu NagarMysore - 570023, ",Open until 09:00 PM,"(12.297210009907005, 76.62612995907017)","+918214000515	"
Titan World,"100 Feet RoadGandhi NagarMandya - 571401, ",Open until 09:15 PM,"(12.52142138258419, 76.89145406818983)","+919036901661	"
Titan World,"No 107, 108, Red Cross BuildingAshoka RoadTumkur - 572101, ",Open until 08:30 PM,"(13.347160887668654, 77.10198512731749)","+919008849131	"
Titan World,"UG 16, City Centre MallKS Rao RoadMangaluru - 575001, ",Open until 08:30 PM,"(12.858655751000072, 74.84650500000004)","+918244256252	"
Titan World,"Ground Floor, Deepa PlazaMG RoadMangaluru - 575003, ",Open until 08:00 PM,"(12.885954833000028, 74.83021500000007)","+918244270100	"
Titan World,"CPC PlazaMain RoadUdupi - 576101, ",Open until 08:30 PM,"(13.341210000000046, 74.74766000000005)","+918202535123	"
Titan World,"Srinidhi Shopping Complex, Tsb Circle, Neharu RoadGopi CircleShimoga - 577201, ",Open until 09:00 PM,"(13.945300000000032, 75.57642375000006)","+918182405616	"
Titan World,"Subash RoadHosayellapurDharwad - 580001, ",Open until 08:30 PM,"(15.450757867896971, 75.0116957654908)","+919686382274	"
Titan World,"No 2538, USA TowersCoen RoadHubli - 580020, ",Open until 09:00 PM,"(41.75196210000007, -70.65182779999998)","+918362263466	"
Titan World,"Urban Oasis Mall, Gokul RoadAkshay NagarDharward - 580030, ",Open until 09:00 PM,"(15.350390000000061, 75.11148000000003)","+918364253499	"
Titan World,"No 8, Ground Floor, Ward No 2Kalamma StreetBellary - 583101, ",Open until 08:30 PM,"(15.140650004679642, 76.92580001285569)","+917411120143	"
Titan World,"Shop No 1/10/51, Devanand MansionStation RoadRaichur - 584101, ",Open until 09:30 PM,"(16.201350142445715, 77.34448923349869)","+918748080888	"
Titan World,"No 3/18, Canara Vadiraj Bhavan Building, Super MarketSaraswati Godam Main RoadGulbarga - 585101, ",Open until 09:00 PM,"(17.33805147629265, 76.8376536758236)","+919513250988	"
Titan World,"Shop No 2, Kamshetty ComplexUdgir RoadBidar - 585401, ",Open until 09:00 PM,"(17.913194440135022, 77.52090500815915)","+917996680888	"
Titan World,"CTS No 989, Chadachan Complex, Ward No 3Gurukul RoadBijapur - 586101, ",Open until 08:30 PM,"(16.83363878968673, 75.71730120464194)","+919916688136	"
Titan World,"Darbar Complex, Station RoadKaulpetBagalkot - 587101, ",Open until 09:00 PM,"(16.174743039000077, 75.69066000000004)","+918354223377	"
Titan World,"No 3165, Khade BazaarSanyukta Maharashtra ChowkBelgaum - 590001, ",Open until 09:00 PM,"(15.863899559956085, 74.51372122817986)","+916363876063	"
Titan World,"No 24/2, Krishnai Arcade, Khanpur RoadTilakwadiBelgaum - 590006, ",Open until 09:00 PM,"(15.831225000000074, 74.50223850000003)","+918312451320	"
Titan World,"CS No 125, Block No 1/2, Green ParkMurugud RoadBelgaum - 591237, ",Open until 10:00 PM,"(16.39635180600004, 74.39067500000004)","+917700934451	"
Titan World,"Shop 21, 94/113, Prince Towers, Purusaiwalkam High RoadPurasaiwalkamChennai - 600010, ",Open until 09:00 PM,"(13.083620000000053, 80.23987888900007)","+914426403624	"
Titan World,"Old No 166, New No 72, Mannarswamy Koil StreetRoyapuramChennai - 600013, ",Open until 09:30 PM,"(13.108009986164049, 80.29156002229615)","+919940255888	"
Titan World,"Shop No 108, 1st Floor, Express Avenue, 49/50L, Whites RoadRoyapettahChennai - 600014, ",Open until 10:00 PM,"(13.055749993331617, 80.24771998647958)","+919841013742	"
Titan World,"No 20, Apex Chambers, Pondy BazarT NagarChennai - 600017, ",Open until 09:00 PM,"(13.050284333451579, 80.24695932483019)","+914424311793	"
Titan World,"No 138, Usman RoadT NagarChennai - 600017, ",Open until 09:00 PM,"(13.038579999952844, 80.23121995862164)","+914443506868	"
Titan World,"No 31, Gandhi Nagar, 1st Main RoadAdyarChennai - 600020, ",Open until 09:00 PM,"(13.00467713100005, 80.26248000000004)","+914443504949	"
Titan World,"No 189, NSK SalaiVadapalaniChennai - 600026, ",Open until 09:00 PM,"(13.049889995274086, 80.21019001501156)","+914442135030	"
Titan World,"PC3, Block No 2, Main RoadMogappair WestTiruvallur - 600037, ",Open until 09:30 PM,"(13.084439990615678, 80.17034001656356)","+914445574226	"
Titan World,"No 32B, New No 95, Ground Floor, ECR RoadThiruvanmiyurChennai - 600041, ",Open until 09:00 PM,"(12.987880005029908, 80.25492004130729)","+914442082627	"
Titan World,"No 25, Bypass Road, 100 Feet RoadVelacheryChennai - 600042, ",Open until 10:00 PM,"(12.986564470510721, 80.21802537725087)","+914443627142	"
Titan World,"G28A & 142, LGF, Phonix Market City, Velachery Main RoadVelacheryChennai - 600042, ",Open until 10:00 PM,"(12.991134242295328, 80.2197892231516)","+914461910099	"
Titan World,"No 127, GST RoadChrompetChennai - 600044, ",Open until 09:00 PM,"(12.95586000000003, 80.10746872500005)","+914443229677	"
Titan World,"No 27, Muthuranga Mudali StreetTambaram WestChennai - 600045, ",Open until 10:00 PM,"(12.92757230286608, 80.11739102723939)","+914422262632	"
Titan World,"No 1A & B, CTH Road, AmbatturShoba NagarChennai - 600053, ",Open until 09:30 PM,"(13.122741209443847, 80.16002688149578)","+914449523377	"
Titan World,"No 176, Puthu Koil Street, Selaiyur, Velacherry Main RoadMahalakshmi NagarChennai - 600073, ",Open until 10:00 PM,"(12.917004228214836, 80.1453899807665)","+914442857751	"
Titan World,"No 50, 70 Feet Road, Periyar NagarPeramburChennai - 600082, ",Open until 10:00 PM,"(13.117409997208696, 80.22857999439753)","+914442824411	"
Titan World,"No 34, Crown CourtCathedral RoadChennai - 600086, ",Open until 08:30 PM,"(13.04899000000006, 80.25354000000004)","+919940140139	"
Titan World,"No 5, Valasaravakkam, Arcot RoadIndra NagarTiruvallur - 600087, ",Open until 09:00 PM,"(13.0425610013624, 80.18133826863101)","+914424860133	"
Titan World,"No 45, Medavakkam Main RoadUllagaramChennai - 600091, ",Open until 09:00 PM,"(12.97442998409943, 80.19208996565646)","+914422247405	"
Titan World,"Shop No 1, KarapakkamSholinganallurChennai - 600096, ",Open until 09:00 PM,"(12.965311439000061, 80.23913000000005)","+919629264176	"
Titan World,"No 4/476, Velachery Main RoadMedavakkamChennai - 600100, ",Open until 09:00 PM,"(12.915163306000068, 80.20446000000004)","+914448635577	"
Titan World,"No 1/2, 2nd Avenue, B BlockAnnanagar EastChennai - 600102, ",Open until 09:00 PM,"(13.092980018394528, 80.22303000102892)","+914426220908	"
Titan World,"No 91, Balamurali Theater Complex, Poonamallee High RoadNerkundramChennai - 600107, ",Open until 09:00 PM,"(13.066970000000026, 80.19462666700008)","+914424797772	"
Titan World,"No 184, Mount Poonamallee RoadPorurChennai - 600116, ",Open until 09:00 PM,"(13.037680000000023, 80.15179628000004)","+914424828376	"
Titan World,"No 1, Ground Floor, Urapakkam, Thiruvalluvar Street, GST RdKilambakkamKanchipuram - 603210, ",Open until 09:00 PM,"(12.861149610180082, 80.06209478340625)","+914448045502	"
Titan World,"No 155, White TownMission StreetPuducherry - 605001, ",Open until 09:00 PM,"(11.934586933561516, 79.8309613710302)","+914134201233	"
Titan World,"No 85, Ground Floor, Villianur Main Road, Indira Gandhi SquareSithanada NagarPuducherry - 605005, ",Open until 09:30 PM,"(11.932825549145367, 79.80748757511654)","+916384599399	"
Titan World,"No 716, Maghalakshmi PlazaPJN RoadVillupuram - 605602, ",Open until 09:30 PM,"(11.935280000000034, 79.50524259500008)","+918056856789	"
Titan World,"No 85, Shree Complex, Mathalangulam St, Main RoadSathankulamTiruvannamalai - 606601, ",Open until 09:30 PM,"(12.237600075000046, 79.07298500000007)","+914175227700	"
Titan World,"No 6, Railway Flyover RoadSananthottamCuddalore - 607002, ",Open until 09:00 PM,"(55.40773000000007, 42.708920000000035)","+919489919316	"
Titan World,"No 86, Nageswaran North StreetAyekulamKumbakonam - 612001, ",Open until 09:30 PM,"(10.966967660000023, 79.38409500000006)","+914352433533	"
Titan World,"No 1475, South RampartRajakrisnapuramThanjavur - 613001, ",Open until 09:00 PM,"(10.789415000000076, 79.14970247800005)","436275692	"
Titan World,"No 1, 10th Cross, Medical College RoadMunicipal ColonyThanjavur - 613007, ",Open until 09:00 PM,"(10.774189997824934, 79.1221199925626)","+914362243333	"
Titan World,"No 5, Jenne PlazaBharathiyar SalaiTiruchirappalli - 620001, ",Open until 08:30 PM,"(10.794280108502589, 78.6832467512049)","+914312411975	"
Titan World,"No 35, Reynolds RoadCantonmentTiruchirappalli - 620001, ",Open until 09:00 PM,"(10.795030000000054, 78.67328275300008)","+914314340989	"
Titan World,"No 141, SRM ComplexSalai RoadTiruchirappalli - 620018, ",Open until 09:00 PM,"(45.70063753300008, 27.18209086400003)","+914314220989	"
Titan World,"TS No 1396, HM TowerNorth Main StreetPudukkottai - 622001, ",Open until 09:30 PM,"(10.386770009243286, 78.81748500225018)","+919791830999	"
Titan World,"No 25 & 26Salai RoadDindigul - 624001, ",Open until 09:30 PM,"(10.360407763944306, 77.97594232102391)","+914512421744	"
Titan World,"No 184ANorth Veli StreetMadurai - 625001, ",Open until 08:30 PM,"(9.921169761631777, 78.12519489751793)","+914524379000	"
Titan World,"No 55, SACS Plaza, Alagar Kovil RoadTallakulamMadurai - 625002, ",Open until 08:30 PM,"(57.16344000000004, 65.52135000000004)","+914524360011	"
Titan World,"No 12G, KMA Complex, Bypass RoadRam NagarMadurai - 625010, ",Open until 10:00 PM,"(10.01854000000003, 78.01661000000007)","+919092911000	"
Titan World,"No 23, 80 Feet RoadAnna NagarMadurai - 625020, ",Open until 08:30 PM,"(9.919935683180764, 78.14866998146692)","+914524360600	"
Titan World,"No 41Madurai Main RoadTheni - 625531, ",Open until 09:00 PM,"(9.914270028048957, 78.10274999751108)","+914546251133	"
Titan World,"No 62A, Sri Rajeswari Complex, Municipal RoadAruppukottaiVirudhunagar - 626001, ",Open until 09:30 PM,"(9.590854858000057, 77.96060000000006)","+917339296096	"
Titan World,"No 130A, NRKR RoadPatti StreetVirudhunagar - 626123, ",Open until 09:30 PM,"(58.11298000000005, 68.36263000000008)","+914562272777	"
Titan World,"No 51B/6 & 51B/7, Nainar Shoping ComplexOld Bus Stand RoadTirunelveli - 627001, ",Open until 09:00 PM,"(8.715316788000052, 77.69573048800004)","+919750952616	"
Titan World,"No 22, Trivandram Road, MurugankuruchiPalayamkottaiTirunelveli - 627002, ",Open until 09:00 PM,"(8.723185307000051, 77.73831500000006)","+914622573603	"
Titan World,"No 154/42/21Railway RoadTenkasi - 627811, ",Open until 09:00 PM,"(8.976821808000068, 77.31072500000005)","+919865954477	"
Titan World,"No 223West Great Cotton RoadThoothukudi - 628002, ",Open until 09:00 PM,"(8.803995011283078, 78.15291000909772)","+919442666464	"
Titan World,"No 103, Police Station Road, Avvai Shanmugam SalaiMeenakshipuramNagercoil - 629001, ",Open until 09:00 PM,"(8.183575000000076, 77.43688568800007)","+914652420666	"
Titan World,"No 17/A11, Ganix Square, KP RoadParvathipuram RoadNagercoil - 629001, ",Open until 09:00 PM,"(8.190263706715864, 77.3996119105515)","+914652420333	"
Titan World,"No 170Gandhi RoadKanchipuram - 631501, ",Open until 09:30 PM,"(12.85334162184763, 79.68828305750952)","+914427229046	"
Titan World,"No 66, Officers LaneThiyagarajapuramVellore - 632001, ",Open until 09:30 PM,"(4.516212721000045, -75.64777499999997)","+914162210052	"
Titan World,"No 75/1, 75/2, Gandhi Nagar, Katpadi RoadKatpadiVellore - 632006, ",Open until 08:30 PM,"(12.955490000000054, 79.14075000000008)","+914162247053	"
Titan World,"Old No 1, New No 1E, Gandhi RoadArani RoadArani - 632301, ",Open until 08:30 PM,"(12.664070000000038, 79.27953443700005)","+919677720736	"
Titan World,"No 143/BBangalore RoadKrishnagiri - 635001, ",Open until 08:45 PM,"(12.533767853095789, 78.24670170002945)","+914343239667	"
Titan World,"No 14/9, KG Swamy Complex, GH RoadBagalur RoadHosur - 635109, ",Open until 08:30 PM,"(12.733474198472203, 77.82914237553872)","+914344242220	"
Titan World,"Utility Building, Sipcot Industrial CplxDhargaKrishnagiri - 635126, ",Open until 09:00 PM,"(12.790352683000037, 77.84057500000006)","+914344664462	"
Titan World,"No 84, Vaniyambadi Main RoadTirupathurTirupathur - 635601, ",Open until 09:30 PM,"(12.51173506300006, 78.58198000000004)","+914179221357	"
Titan World,"No 87/2, Bypass RoadAmburVellore - 635802, ",Open until 08:30 PM,"(12.773250000000075, 78.76887394400006)","+919443365456	"
Titan World,"No 87/2, Bypass RoadRanipetVellore - 635802, ",Open until 09:00 PM,"(12.773250000000075, 78.76887394400006)","+919150018916	"
Titan World,"Shop No 43 & 44, Chamundi Shopping CplxFour RoadSalem - 636007, ",Open until 08:30 PM,"(11.662930000000074, 78.14795000000004)","+914274030052	"
Titan World,"No 249/116, KR Square ComplexOmalur Main RoadSalem - 636007, ",Open until 09:00 PM,"(11.659739148537362, 78.15188494482949)","+918438199511	"
Titan World,"1st Floor, Pookadai Shopping ComplexFour RoadSalem - 636009, ",Open until 09:00 PM,"(11.66357000000005, 78.14676000000003)","+914274030053	"
Titan World,"No 194Sarada College RoadSalem - 636016, ",Open until 09:00 PM,"(11.677148162844814, 78.14385852063832)","+914274043553	"
Titan World,"No 204/75, Ganesha ComplexNetaji Bypass RoadDharmapuri - 636701, ",Open until 09:00 PM,"(12.13420199329004, 78.16022446021303)","+919597821123	"
Titan World,"No 62/64, Cutchery StreetKacheri StreetErode - 638001, ",Open until 09:00 PM,"(11.339955998603898, 77.72870956540486)","+919095936036	"
Titan World,"No 810, CP ComplexBrough RoadErode - 638001, ",Open until 09:00 PM,"(11.33508500000005, 77.72773921400005)","+918300067474	"
Titan World,"Door No 25, KVR MallKovai RoadKarur - 639002, ",Open until 09:00 PM,"(10.960080000000062, 78.07254000000006)","+919894037875	"
Titan World,"No 321Oppanakara StreetCoimbatore - 641001, ",Open until 09:30 PM,Not Found,"+914224376665	"
Titan World,"Shop No 10A, Gr Flr, Brookefields PlazaKrishnasamy RoadCoimbatore - 641002, ",Open until 09:30 PM,"(11.010576857115986, 76.95759742894549)","+914222255022	"
Titan World,"No 547B, DB RoadRS PuramCoimbatore - 641002, ",Open until 09:30 PM,"(11.004901031389595, 76.95132222304028)","+914222550149	"
Titan World,"No 84, Zimson Shopping Arcade, Cross Cut RoadGandhipuramCoimbatore - 641012, ",Open until 09:30 PM,"(11.022590000000037, 76.96233292600004)","+914224378882	"
Titan World,"No 123A, Mettupalayam RoadThudiyalurCoimbatore - 641034, ",Open until 10:00 PM,"(11.081760000000031, 76.93397234100007)","+914222993499	"
Titan World,"SF No 201, Shop No G34, Prozone Mall, SivanandhapuramSaravanampattiCoimbatore - 641035, ",Open until 10:00 PM,"(11.078775000000064, 77.00556101600006)","+919894738300	"
Titan World,"963, Kalai Kadhir Building, Fort PharmaAvinashi RoadCoimbatore - 641037, ",Open until 10:00 PM,"(11.013693135676197, 76.9792950363565)","+914224351135	"
Titan World,"No 1703, Trichy RoadRamanatapuramCoimbatore - 641045, ",Open until 09:30 PM,"(10.997020000000077, 76.99894000000006)","+919894961600	"
Titan World,"No 272, 274/452, 1st Street Stanes, Stanes RoadAvinashi Main RoadTiruppur - 641602, ",Open until 09:00 PM,"(11.152672192478363, 77.35558988850283)","+919786963999	"
Titan World,"No 23Muncipal Office RoadTiruppur - 641604, ",Open until 09:30 PM,"(11.10214712166834, 77.34641441500679)","+914212205125	"
Titan World,"No 33Coimbatore RoadPollachi - 642001, ",Open until 09:00 PM,"(10.67097073900004, 77.00732000000005)","+919159641028	"
Titan World,"No 1/1C, Anusham Plaza, Bypass RoadUdumalpetCoimbatore - 642126, ",Open until 09:30 PM,"(10.567645000000027, 77.20605536200003)","+914252225677	"
Titan World,"City CenterFort RoadKannur - 670001, ",Open until 08:00 PM,"(11.870000000000061, 75.36204938500003)","+914972709788	"
Titan World,"No 43/991, Avk Nair RoadThalasseryThalassery - 670101, ",Open until 09:00 PM,"(11.760002285000041, 75.48317500000007)","+914902322223	"
Titan World,"Golden Plaza, KRS Building, CalicutMavoor RoadKozhikode - 673001, ",Open until 08:30 PM,"(11.252659464000033, 75.77816500000006)","+914954013372	"
Titan World,"Shop No 15, Gokulam Galleria, Mavoor RoadArayadathupalamKozhikode - 673004, ",Open until 09:30 PM,"(51.29530242100003, 108.86482916300008)","+919072795288	"
Titan World,"1st Floor, Hilite Mall, Bypass RoadThondayadKozhikode - 673014, ",Open until 09:30 PM,"(50.83817000000005, 108.40841000000006)","+914952434133	"
Titan World,"New No 41/60, Gandhi Bazar RoadSultanpetPalakkad - 678001, ",Open until 08:30 PM,"(10.75729435200003, 76.65294000000006)","+919446278854	"
Titan World,"No 7/550/1College RoadPalakkad - 678001, ",Open until 08:30 PM,"(10.776928681331254, 76.65761077366857)","+917025052176	"
Titan World,"No 19/342, Silver PlazaCalicut RoadPerintalmanna - 679322, ",Open until 08:30 PM,"(10.976370000000031, 76.21771000000007)","+918281109894	"
Titan World,"No 8/291/1, Alsa ArcadeIkkanda Warrier RoadThrissur - 680001, ",Open until 08:30 PM,"(10.520780000000059, 76.22364000000005)","+917034848640	"
Titan World,"Ground Floor, Manual Sons BulidingRound WestThrissur - 680001, ",Open until 08:30 PM,"(10.521052481000027, 76.21940500000005)","+914872442034	"
Titan World,"No F72, 73 & 79, Lulu Intl Shopping MallEdapallyErnakulam - 682024, ",Open until 10:00 PM,"(10.02523350000007, 76.30665000000005)","+914844063040	"
Titan World,"No B6, Ground Floor, Oberon Mall, NH BypassEdappallyErnakulam - 682024, ",Open until 09:00 PM,"(10.02523350000007, 76.30665000000005)","+914844000286	"
Titan World,"G1 & G2, Pioneer TowersMarine DriveErnakulam - 682031, ",Open until 09:00 PM,"(9.977410000000077, 76.27710000000008)","+919995066116	"
Titan World,"Arackal Tourist Home Building, Market Jn, Hill Palace RoadTripunithuraErnakulam - 682301, ",Open until 08:00 PM,"(9.935417210000026, 76.34872500000006)","+917406893188	"
Titan World,"Gold Fort BuildingBridge RoadErnakulam - 683101, ",Open until 08:30 PM,"(10.110730000000046, 76.35001000000005)","+914844017608	"
Titan World,"CSI Commecial Complex, Baker JunctionTalukKottayam - 686001, ",Open until 08:30 PM,"(6.647366336000061, -74.05748560499995)","+919745769430	"
Titan World,"No 22/1088/B13, Grand Centre MallMuvattupuzhaErnakulam - 686661, ",Open until 09:00 PM,"(9.971019947000059, 76.57434500000005)","+919074738654	"
Titan World,"CCNB Road, Iron BridgeMullakkalAlappuzha - 688011, ",Open until 08:00 PM,"(9.491990000000044, 76.43196879300007)","+914772251427	"
Titan World,"Konnnathayil ArcadeTK RoadThiruvalla - 689101, ",Open until 08:00 PM,"(9.378757201000042, 76.56316000000004)","+919895496618	"
Titan World,"Beach RoadChinnakadaKollam - 691001, ",Open until 08:30 PM,"(8.885825000000068, 76.59396429600008)","+914742744477	"
Titan World,"TC28/2445MG RoadThiruvananthapuram - 695001, ",Open until 08:30 PM,Not Found,"+914714060210	"
Titan World,"Ed HeightsPattomThiruvananthapuram - 695004, ",Open until 08:30 PM,"(8.51520000000005, 76.94504000000006)","+914712558592	"
Titan World,"G02, Lulu International Shopping Mall, NH 66AakkulamThiruvananthapuram - 695021, ",Open until 10:00 PM,"(8.50981317000003, 76.88921000000005)","+918086512345	"
Titan World,"No 26 & 30, Bhupen Bose AvenueShyam BazaarKolkata - 700004, ",Open until 08:30 PM,"(22.60085074232373, 88.37058741132294)","+913325334454	"
Titan World,"No P5, Burra BazarKalakar StreetKolkata - 700007, ",Open until 08:30 PM,"(22.584847417480443, 88.35483172213414)","+913346018955	"
Titan World,"No 75CPark StreetKolkata - 700016, ",Open until 09:00 PM,"(22.556875007382125, 88.35035947854415)","+913346025589	"
Titan World,"No 48, Maurya Centre, Gariahat RoadBallygunjKolkata - 700019, ",Open until 08:30 PM,"(22.518610000000024, 88.36187000000007)","+913324641150	"
Titan World,"No 44/1, Heart BeatsElgin RoadKolkata - 700020, ",Open until 08:45 PM,"(22.539140019816884, 88.34996004046405)","+913340034910	"
Titan World,"No 128Rash Behari AvenueKolkata - 700029, ",Open until 09:00 PM,"(22.517189994695215, 88.35158998535553)","+913340089626	"
Titan World,"No 27ARaja Subodh Chandra Mullick RoadKolkata - 700032, ",Open until 09:00 PM,"(22.489612418097206, 88.3722664325125)","+919051844453	"
Titan World,"No 355, Diamond Harbour RoadBehalaKolkata - 700034, ",Open until 08:30 PM,"(22.478270010314077, 88.31294999845)","+919748777198	"
Titan World,"No 269/1BT RoadKolkata - 700036, ",Open until 08:30 PM,"(22.63565998181498, 88.37804000283501)","+913325460231	"
Titan World,"No 1, Diamond Harbour RoadTaratalaKolkata - 700038, ",Open until 08:30 PM,"(22.511269982210948, 88.32197999037896)","+917278442950	"
Titan World,"No 358/1, Sohum Building, NSC Bose RoadNaktalaKolkata - 700047, ",Open until 09:00 PM,"(22.474945000000048, 88.36755500000004)","+913346034376	"
Titan World,"No P59, Mohini Marketing, Scheme 7M, CIT RoadUltadangaKolkata - 700054, ",Open until 08:30 PM,"(22.574189995682886, 88.389479959565)","+913323554209	"
Titan World,"S No 12, 164/1, Gr Flr, Mani Square MallManiktala Main RoadKolkata - 700054, ",Open until 09:00 PM,"(22.581992764762788, 88.38846199297254)","+913340002973	"
Titan World,"AA/45, Ground Floor, Shree TowerVIP RoadKolkata - 700059, ",Open until 08:30 PM,"(22.617400000000032, 88.43302000000006)","+913325700349	"
Titan World,"Shop No D005, Ground Floor, City Centre, Block DSalt Lake, Sector 1Kolkata - 700064, ",Open until 08:30 PM,"(22.58752000000004, 88.40845000000007)","+913340702111	"
Titan World,"Shop No 006, Gr Flr, South City Mall375, Prince Anwar Shah RoadKolkata - 700068, ",Open until 09:00 PM,"(22.50205001444651, 88.36248997988298)","+913324225381	"
Titan World,"No 104, JFC Creations, Jessore RoadNagerbazarKolkata - 700074, ",Open until 08:30 PM,"(22.620508474000076, 88.40512000000007)","+913340730079	"
Titan World,"No 12/1BLindsay StreetKolkata - 700087, ",Open until 09:00 PM,"(22.558770017958608, 88.35368001291232)","+913344067853	"
Titan World,"Shop No G12, 1858/1, GF, Acropolis MallRajdanga Main RoadKolkata - 700107, ",Open until 09:00 PM,"(22.514760000000024, 88.39287000000007)","+913346014059	"
Titan World,"Thakur CornerSodepur Station RoadKolkata - 700114, ",Open until 08:30 PM,"(22.7006800399108, 88.38092740459017)","+917596080620	"
Titan World,"No 92, 56, Karuna Management, Ward No 22SN Banerjee RoadNorth 24 Parganas - 700122, ",Open until 08:30 PM,"(22.769895000000076, 88.39320634500007)","+913325454000	"
Titan World,"No 76/2, Jessore Road SouthHridaypurNorth 24 Parganas - 700127, ",Open until 09:00 PM,"(22.714840007347448, 88.48248999960839)","+913379624061	"
Titan World,"Shop No 104, 1st Floor, City Centre 2RajarhatKolkata - 700136, ",Open until 08:30 PM,"(40.85865899029125, -77.55476796885709)","+913340620057	"
Titan World,"No 307, Kulpi RoadBaruipurKolkata - 700144, ",Open until 08:30 PM,"(22.357690000000048, 88.45196138900008)","+918585093470	"
Titan World,"Plot No CB/218, Premises No 29/1/3, Major Arterial Rd, Action Area INew TownKolkata - 700156, ",Open until 08:30 PM,"(22.616546863986322, 88.46555215317974)","+917605085675	"
Titan World,"No 20, Mohini Times, Dobson RoadDobson RoadHowrah - 711101, ",Open until 09:00 PM,"(22.587924889087233, 88.33975215474918)","+913326669436	"
Titan World,"Shop No 14, Ground Floor, Avani Mall, Road No 32Jagat Banerjee Ghat RoadHowrah - 711102, ",Open until 09:00 PM,"(22.56266001731281, 88.32279999196658)","+913326780371	"
Titan World,"No 144, Rash Behari AvenueChandan NagarChandannagar - 712136, ",Open until 08:30 PM,"(22.864586951000035, 88.36548500000004)","+918336943207	"
Titan World,"No 627, GT Road, BattalaSeramporeHooghly - 712201, ",Open until 08:30 PM,"(22.75175750408337, 88.33123452851079)","+913326529680	"
Titan World,"Puja Ganges, Shivtala 1, Ghat Lane, Uttarpara BhadrakaliKotrungHooghly - 712232, ",Open until 09:00 PM,"(22.67460945112852, 88.34698850345875)","+913335959066	"
Titan World,"Link RoadBasantpore MoreHooghly - 712601, ",Open until 08:00 PM,"(22.87704720983793, 87.79081807506684)","+919748777196	"
Titan World,"No 436/A, GT Road, Boronilpur MoreSripallyBardhaman - 713101, ",Open until 08:30 PM,"(23.23907069772188, 87.86729500479102)","+918373049685	"
Titan World,"Ground Floor, City CentreShahid Khudiram SaraniDurgapur - 713216, ",Open until 08:30 PM,"(23.539277368305875, 87.29315132303597)","+918373049687	"
Titan World,"Shop No 21, Parbati Shopping Arcade, Block C, GT RoadAshram MoreAsansol - 713301, ",Open until 09:00 PM,"(23.68297000000007, 86.98351000000008)","+918373049688	"
Titan World,"Holding No 783/304, Ward No 22, Keranitola RoadKotwaliMidnapore - 721101, ",Open until 08:30 PM,"(22.418165440000053, 87.32654000000008)","+919083248732	"
Titan World,"No 258/223/1, Malancha RoadMalanchaWest Midnapore - 721304, ",Open until 09:00 PM,"(22.377755000000036, 87.26252429200008)","+919903240284	"
Titan World,"Holding No 236, Barpadumbasan, Ward No 04TamlukTamluk - 721636, ",Open until 08:30 PM,"(22.296226107000052, 87.92596093500003)","+919831506999	"
Titan World,"Holding No 204Nutanchati RoadBankura - 722101, ",Open until 08:30 PM,"(23.235280000000046, 87.06917440600006)","+918695522488	"
Titan World,"No 39, Ground FloorDeshbandhu RoadPurulia - 723101, ",Open until 08:30 PM,"(23.343166865665644, 86.3658209497781)","+917363854097	"
Titan World,"Ground Floor, Chandni ParaMasjid MoreSuri - 731101, ",Open until 08:30 PM,"(23.910700000000077, 87.52868000000007)","+919874357917	"
Titan World,"Santi TradingRabindra AvenueMalda - 732101, ",Open until 09:00 PM,"(25.00100332740894, 88.14026336841897)","+919434020728	"
Titan World,"No 188/1/175, Lenin Sarani, Ward No 13, 3/5 MoreBalurghatBalurghat - 733101, ",Open until 09:00 PM,"(25.229631141000027, 88.78103500000003)","+919733222922	"
Titan World,"Mohanbati, NS RoadUttar DinajpurRaiganj - 733134, ",Open until 09:00 PM,"(25.688450000000046, 88.10771203900003)","+919907119954	"
Titan World,"Sibal Mansion16 Hill Cart RoadSiliguri - 734001, ",Open until 08:30 PM,"(26.70904686037617, 88.42721486557537)","+919830115617	"
Titan World,"Shop No 13, Cosmos Mall, 2nd Mile, Shevok RoadTopselSiliguri - 734001, ",Open until 09:30 PM,"(26.729559985329196, 88.43008499985098)","+913532545365	"
Titan World,"Shop No C0009, GF, City Centre Mall, NH 31, MatigaraUttrayanSiliguri - 734010, ",Open until 08:30 PM,"(26.727545867246278, 88.40219385278942)","+913532576004	"
Titan World,"Ground FloorKadamtalaJalpaiguri - 735101, ",Open until 08:30 PM,"(26.535467234000066, 88.72058000000004)","+919800826944	"
Titan World,"Ground FloorRupnarayan RoadCooch Behar - 736101, ",Open until 08:30 PM,"(26.316800000000057, 89.46435976000004)","+913582295621	"
Titan World,"Ground Floor, Thondupling BuildingMG RoadEast Sikkim - 737101, ",Open until 07:30 PM,"(27.33979568500007, 88.61741500000005)","+917029975414	"
Titan World,"No 6/1, Pandit LK Moitra RoadNederpara MoreKrishnanagar - 741101, ",Open until 08:30 PM,"(23.40545399471839, 88.4904730774553)","+913472250004	"
Titan World,"No 2, Chakdah Bongaon Road, LalpurChakdahaChakdaha - 741222, ",Open until 09:30 PM,"(23.05744500000003, 88.57118620400007)","+918100246166	"
Titan World,"No 19A, Gulgalia Bhawan, Netaji RoadKhagraMurshidabad - 742103, ",Open until 08:30 PM,"(24.11928000000006, 88.24946977000008)","+919733613333	"
Titan World,"No 145/18, Bazar Para Road, Bazar ParaRaghunathganjUmarpur - 742225, ",Open until 08:30 PM,"(24.46689807200005, 88.06456500000007)","+918345932848	"
Titan World,"No 255/1, East Ghosh Para Road, NoaparaShyamnagarKolkata - 743127, ",Open until 08:30 PM,"(22.82076500000005, 88.41220421700007)","+918276817171	"
Titan World,"60 KGR PathBijpurKanchrapara - 743145, ",Open until 08:30 PM,"(22.937230000000056, 88.45718214000004)","+919073940947	"
Titan World,"Premises No 60, Jessore RoadJoygachiHabra - 743263, ",Open until 08:30 PM,"(22.85080000000005, 88.68679654800007)","+919748777188	"
Titan World,"No 957, Jal Tank Para, Nuton PoleDimond HarbourDiamond Harbour - 743331, ",Open until 08:30 PM,"(22.195290000000057, 88.18366000000003)","+917044042212	"
Titan World,"Plot No B/53, Ground Floor, Khata No 651, Unit No 11Saheed NagarBhubaneswar - 751007, ",Open until 09:00 PM,"(20.28104705396503, 85.84808384403232)","+916742540900	"
Titan World,"No 56, SGBL, JanpathAshok NagarBhubaneswar - 751009, ",Open until 08:30 PM,"(20.265999525181716, 85.83661947328089)","+916742535700	"
Titan World,"LG 21 & 21A, Forum Esplanade MallRasulgarhBhubaneswar - 751010, ",Open until 08:00 PM,"(-5.185520432223564, -42.765298267902494)","+916370701682	"
Titan World,"No N/4/237, ID MarketNayapalliKhorda - 751015, ",Open until 09:00 PM,"(20.289365000000032, 85.80613419000008)","+919348609015	"
Titan World,"Plot No 516/1755, Oeu House, Kiit RoadPatiaBhubaneswar - 751024, ",Open until 09:30 PM,"(20.356855000000053, 85.81974566500008)","+916742725588	"
Titan World,"Trimurti Heights, Grand RoadBadasankhaPuri - 752002, ",Open until 09:30 PM,"(19.85347500000006, 85.87972784000004)","+918339072222	"
Titan World,"Buxi Bazar, Rajtarangini Cinema RoadBaropatharCuttack - 753001, ",Open until 08:30 PM,"(20.475336085000038, 85.87732500000004)","+916712432271	"
Titan World,"Ground Floor, Beekay EnterpriseBK RoadCuttack - 753003, ",Open until 08:30 PM,"(20.47563142100006, 85.90337500000004)","+916712411700	"
Titan World,"Chorda BazarJajpur RoadJajpur - 755019, ",Open until 08:30 PM,"(20.955011063902724, 86.12715913463101)","+919437062113	"
Titan World,"1st Floor, ChidiapoloVivekanda MargBalasore - 756001, ",Open until 09:00 PM,"(21.49261000000007, 86.91409929100007)","+916782265901	"
Titan World,"Ground FloorPass RoadBhadrak - 756100, ",Open until 08:30 PM,"(21.037168000000065, 86.53602000000006)","+917327930199	"
Titan World,"Station RoadLalbazarBaripada - 757001, ",Open until 08:30 PM,"(21.930144909000035, 86.73303500000009)","+919831907999	"
Titan World,"Plot No 1249/5921Bazar ChowkAngul - 759122, ",Open until 08:30 PM,"(20.844796510000037, 85.10872000000006)","+919437276262	"
Titan World,"Annapurna Market SquareUrban Bank RoadBrahmapur - 760001, ",Open until 09:00 PM,"(19.318721231676566, 84.79598395745195)","+916802223203	"
Titan World,"Ground Floor, Budharaja RoadShanti NagarSambalpur - 768004, ",Open until 08:30 PM,"(21.483614753588594, 83.98358583211723)","+916633551207	"
Titan World,"Ground Floor, Old NH 6Bhatli ChowkBargarh - 768028, ",Open until 08:30 PM,"(21.34274084059035, 83.60898954699151)","+917854002208	"
Titan World,"Gupta Watch EmporiumBisra RoadRourkela - 769001, ",Open until 08:30 PM,"(22.229499591000035, 84.86080000000004)","+918114392019	"
Titan World,"Ground Floor, Sushil Das BhawanPaltan BazarGuwahati - 781001, ",Open until 08:30 PM,"(26.18944738943684, 91.75425715049141)","+913612739606	"
Titan World,"No 169, GNB RoadChandmariGuwahati - 781003, ",Open until 09:00 PM,"(26.188730000000078, 91.77101314700008)","+917099089100	"
Titan World,"Basudev Complex, GS RoadChristian BastiGuwahati - 781005, ",Open until 09:00 PM,"(26.15524000000005, 91.77919000000009)","+919954090359	"
Titan World,"Radhika Dee Bee Grade, 6 MilePanjabari RoadGuwahati - 781022, ",Open until 08:30 PM,"(26.132569995770496, 91.81034997655559)","+913612330019	"
Titan World,"Mission MarketAT RoadNagaon - 782001, ",Open until 09:00 PM,"(26.300970000000063, 92.71369213600008)","+919957244440	"
Titan World,"Ground Floor, RB ComplexKB RoadJorhat - 785001, ",Open until 08:30 PM,"(26.754350000000045, 94.21411000000006)","+917086053626	"
Titan World,"Natraj HotelHS RoadDibrugarh - 786001, ",Open until 08:00 PM,"(27.48159000000004, 94.91767002100005)","+917099024480	"
Titan World,"Arihant Towers, Jail RoadUkd SaraniSilchar - 788001, ",Open until 09:00 PM,"(24.814365000000066, 92.83312154800007)","+919101819920	"
Titan World,"NH 415, PapumpareSector EPapum Pare - 791111, ",Open until 08:00 PM,"(27.09724631654102, 93.62485866204594)","+919366124858	"
Titan World,"Ground Floor, ChaobihalThangmeibandImphal - 795001, ",Open until 06:30 PM,"(24.822874012000057, 93.94927000000007)","+918974479513	"
Titan World,"H No B 80/30, Zakamlova BuildingZarkawtAizawl - 796001, ",Open until 08:30 PM,"(23.74030827000007, 92.71122500000007)","+918798678833	"
Titan World,"H/No 127, NH 39, Sector 2New MarketKohima - 797001, ",Open until 08:30 PM,"(25.661905735990757, 94.10115055411588)","+919436012151	"
Titan World,"CK TimesNyamo Lotha RoadDimapur - 797112, ",Open until 07:00 PM,"(25.772729410000068, 93.67495000000008)","+913862225335	"
Titan World,"No 4Mantribari RoadAgartala - 799001, ",Open until 09:00 PM,"(23.831709997650094, 91.27874997969661)","+919077009994	"
Titan World,"Ujjain ComplexDak Bunglow RoadPatna - 800001, ",Open until 09:00 PM,"(25.604955000000075, 85.12870220400004)","+916123578223	"
Titan World,"A/10/11, Ambuja City Centre Mall, Chajju BaghPolice LinesPatna - 800001, ",Open until 09:00 PM,"(25.604955000000075, 85.12870220400004)","+919031014142	"
Titan World,"Shop No 1, Puspanjali PlaceBoring RoadPatna - 800001, ",Open until 09:00 PM,"(25.61221000000006, 85.11947000000004)","+919065555895	"
Titan World,"Ground FloorGandhi Maidan EastPatna - 800004, ",Open until 09:00 PM,"(25.61644000000007, 85.15863818400004)","+916122675079	"
Titan World,"Ground FloorAnishabad Main RoadPatna - 800004, ",Open until 08:30 PM,"(25.61644000000007, 85.15863818400004)","+919334258222	"
Titan World,"Shop No G11, Ground Floor, P & M Mall, Spectrum MarketPatliputra Kurji MorePatna - 800014, ",Open until 09:30 PM,"(25.600459046000026, 85.08102500000007)","+916122265031	"
Titan World,"Ashiana MoreRajabazarPatna - 800014, ",Open until 09:00 PM,"(25.600459046000026, 85.08102500000007)","+919386606711	"
Titan World,"Sharma Timber Market, Main RoadKankarbaghPatna - 800020, ",Open until 09:00 PM,"(25.59433000000007, 85.15483944100004)","+917779933399	"
Titan World,"No 142, MIGKankarbaghPatna - 800020, ",Open until 09:00 PM,"(25.59433000000007, 85.15483944100004)","+918252224234	"
Titan World,"No 101, Suhavana Complex, Plot No 105P, Saguna MoreBailey RoadPatna - 801503, ",Open until 09:00 PM,"(25.60753246300004, 85.04933000000005)","+919142011408	"
Titan World,"Ground Floor, Main RoadAmla ToliBuxar - 802101, ",Open until 08:00 PM,"(25.566175000000044, 83.97856451800004)","+916207613946	"
Titan World,"Dag No 502/AMahabir TolaArrah - 802301, ",Open until 08:30 PM,"(25.55980994474447, 84.66761023250503)","+919507421582	"
Titan World,"Sanjiv NivasRamnagarNawada - 805110, ",Open until 08:30 PM,"(24.86271000000005, 85.53773201000007)","+919934979950	"
Titan World,"Sabji Bazar, Main RoadPurani BazarLakhisarai - 811311, ",Open until 08:30 PM,"(25.226399587322618, 86.07771204480798)","+919801449857	"
Titan World,"Kachari Chowk, M Bazar, AdampurM G RoadBhagalpur - 812001, ",Open until 08:30 PM,"(25.252902095615454, 86.98936653092544)","+916417962212	"
Titan World,"Salalpuria KatraDN Singh RoadBhagalpur - 812002, ",Open until 08:30 PM,"(25.244463667725384, 86.97548434942051)","+918210424113	"
Titan World,"Ground FloorAssam Access RoadDeoghar - 814112, ",Open until 08:30 PM,"(24.494340000000022, 86.69050069000008)","+916432240650	"
Titan World,"Ward No 15Main RoadGiridih - 815301, ",Open until 08:30 PM,"(24.183981716856223, 86.30805820583619)","+919798520026	"
Titan World,"Ground Floor & 1st Floor, RohtasDharmashala RoadSasaram - 821115, ",Open until 08:00 PM,"(24.953671229692258, 84.01888435314373)","+919709899999	"
Titan World,"Ground FloorGB RoadGaya - 823001, ",Open until 08:30 PM,"(24.771514077000063, 84.98140500000005)","+916312222030	"
Titan World,"Mawar ComplexOld GT RoadAurangabad - 824101, ",Open until 08:30 PM,"(24.7554115062005, 84.37040201740183)","+919031084358	"
Titan World,"Ground Floor, Vinayaka Tower, Guru Govind Singh RoadAlanda ChowkHazaribagh - 825301, ",Open until 08:00 PM,"(23.996167048082068, 85.37682588794446)","+919431102603	"
Titan World,"No 3/4, Shanti Bhawan Centre, Vns TimeBank MoreDhanbad - 826001, ",Open until 09:00 PM,"(23.795309167000028, 86.42724000000004)","+919939039511	"
Titan World,"Plot No GA2, City Center, DroliaSector 4Bokaro - 827004, ",Open until 08:00 PM,"(23.67385500000006, 86.15736636400004)","+916542232491	"
Titan World,"Ground Floor, NH 33, Main Road, CanttGandhi ChowkRamgarh - 829122, ",Open until 08:30 PM,"(23.61270516341421, 85.52279301702511)","+919835533347	"
Titan World,"No 13, Kalmati RoadSakchiJamshedpur - 831001, ",Open until 08:30 PM,"(22.79825775000006, 86.20413000000008)","+916572230173	"
Titan World,"No 8, Natraj MansionBistupur Main RoadJamshedpur - 831001, ",Open until 08:30 PM,"(22.795120000000054, 86.18405000000007)","+916572425454	"
Titan World,"No 3/2/2, Adityapur Housing ColonyAdityapurJamshedpur - 831013, ",Open until 09:30 PM,"(22.784042708000072, 86.15582500000005)","+916573560762	"
Titan World,"Ground Floor, Dr PK Choudhary Building, Harmu Bypass RoadRatu Road ChowkRanchi - 834001, ",Open until 09:00 PM,"(23.364791075474965, 85.30612738156647)","+919386120137	"
Titan World,"No 3, Gel Church ComplexMain RoadRanchi - 834001, ",Open until 09:00 PM,"(23.357390000000066, 85.32492000000008)","+919031025202	"
Titan World,"Ground Floor, Fogla 2Circular RoadRanchi - 834001, ",Open until 08:30 PM,"(23.373570006049036, 85.33704001705024)","+916512562357	"
Titan World,"Hinoo Main RoadKilburn ColonyRanchi - 834002, ",Open until 08:30 PM,"(23.331768005701527, 85.31682180068718)","+917707005377	"
Titan World,"Capitol MallSaraidhelaRanchi - 834002, ",Open until 09:00 PM,"(23.338460000000055, 85.32430835700006)","+917707001110	"
Titan World,"Khata No 65, Plot No 761, Thana No 201Kanke RoadRanchi - 834008, ",Open until 08:30 PM,"(23.410560015314516, 85.31502000303709)","+917707005599	"
Titan World,"Ground FloorHospital RoadSiwan - 841226, ",Open until 08:30 PM,"(26.226402868081625, 84.36326829446978)","+916154246003	"
Titan World,"Ground FloorMotijheelMuzaffarpur - 842001, ",Open until 08:30 PM,"(26.141022750000047, 85.39591000000007)","+919430271119	"
Titan World,"Ground Floor, Kumars Dharfari Enclave, Club RoadMithunpuraMuzaffarpur - 842002, ",Open until 08:30 PM,"(26.12284210000007, 85.40997000000004)","+919334351922	"
Titan World,"Dumra RoadNahar ChowkSitamarhi - 843301, ",Open until 08:30 PM,"(26.57691902873283, 85.51198094322585)","+919546849551	"
Titan World,"Saryug Complex, Marai RoadSubhash ChowkHajipur - 844101, ",Open until 08:30 PM,"(25.691705603345884, 85.21858738468748)","+917970977551	"
Titan World,"Ground Floor, Satyanarayan Complex, Ward No 24, Main RoadRaxaulRaxaul - 845305, ",Open until 08:30 PM,"(26.97372500000006, 84.84482639600003)","+917070119011	"
Titan World,"Ground Floor, Main RoadBajaj Patti RoadMotihari - 845401, ",Open until 08:30 PM,"(26.64425680040949, 84.91719615187968)","+919142286037	"
Titan World,"Bansal Time, Station RoadUjjain TolaBettiah - 845438, ",Open until 08:30 PM,"(26.80146904062892, 84.5156471548582)","+916254247033	"
Titan World,"Ground Floor, Natraj Hotel ComplexTower ChowkDarbhanga - 846004, ",Open until 08:30 PM,"(26.150161250000053, 85.89683000000008)","+917667342141	"
Titan World,"Ward No 17Mahila Collage RoadMadhubani - 847211, ",Open until 08:30 PM,"(26.33736934600006, 86.06420000000008)","+919046544463	"
Titan World,"1st FloorDak Bangla RoadBegusarai - 851101, ",Open until 09:30 PM,"(25.413075596047726, 86.14108105583297)","+916243358661	"
Titan World,"MG RoadLaxmishreeKatihar - 854105, ",Open until 08:30 PM,"(25.49189000000007, 87.51764033200004)","+916452245747	"
Titan World,"Ground Floor, NH 31Polytechnic ChowkPurnia - 854301, ",Open until 09:00 PM,"(25.760947701508627, 87.46814601351846)","+917857009433	"
Titan World,"Ward No 30, College RoadPaschimpali ChowkKishanganj - 855107, ",Open until 08:30 PM,"(26.110715133085495, 87.93949892953587)","+919800874511	"
